﻿-- MySQL dump 10.13  Distrib 8.4.3, for Win64 (x86_64)
--
-- Host: db.3wa.io    Database: amaurycre_trieur
-- ------------------------------------------------------
-- Server version	5.7.33-0ubuntu0.18.04.1-log

/*!40101 SET @OLD_CHARACTER_SET_CLIENT=@@CHARACTER_SET_CLIENT */;
/*!40101 SET @OLD_CHARACTER_SET_RESULTS=@@CHARACTER_SET_RESULTS */;
/*!40101 SET @OLD_COLLATION_CONNECTION=@@COLLATION_CONNECTION */;
/*!50503 SET NAMES utf8mb4 */;
/*!40103 SET @OLD_TIME_ZONE=@@TIME_ZONE */;
/*!40103 SET TIME_ZONE='+00:00' */;
/*!40014 SET @OLD_UNIQUE_CHECKS=@@UNIQUE_CHECKS, UNIQUE_CHECKS=0 */;
/*!40014 SET @OLD_FOREIGN_KEY_CHECKS=@@FOREIGN_KEY_CHECKS, FOREIGN_KEY_CHECKS=0 */;
/*!40101 SET @OLD_SQL_MODE=@@SQL_MODE, SQL_MODE='NO_AUTO_VALUE_ON_ZERO' */;
/*!40111 SET @OLD_SQL_NOTES=@@SQL_NOTES, SQL_NOTES=0 */;

--
-- Table structure for table `characters`
--

DROP TABLE IF EXISTS `characters`;
/*!40101 SET @saved_cs_client     = @@character_set_client */;
/*!50503 SET character_set_client = utf8mb4 */;
CREATE TABLE `characters` (
  `id` int(11) NOT NULL AUTO_INCREMENT,
  `name` varchar(255) NOT NULL,
  `link` varchar(255) NOT NULL,
  `forum` int(11) NOT NULL,
  `user` int(11) NOT NULL,
  PRIMARY KEY (`id`),
  KEY `forum` (`forum`),
  KEY `user` (`user`),
  CONSTRAINT `characters_ibfk_1` FOREIGN KEY (`forum`) REFERENCES `forum` (`id`),
  CONSTRAINT `characters_ibfk_2` FOREIGN KEY (`user`) REFERENCES `user` (`id`)
) ENGINE=InnoDB AUTO_INCREMENT=427 DEFAULT CHARSET=utf8mb4;
/*!40101 SET character_set_client = @saved_cs_client */;

--
-- Dumping data for table `characters`
--

LOCK TABLES `characters` WRITE;
/*!40000 ALTER TABLE `characters` DISABLE KEYS */;
INSERT INTO `characters` VALUES (1,'Wilhelm von FalkenHayn','https://20serneuerung.forumactif.com/t22-wilhelm-von-falkenhayn-ft-cillian-murphy',1,3),(2,'Mike Wallace','https://petitesindecences.forumactif.fr/t207-mike-wallace',2,3),(3,'Liesel von Hohernzollern','https://20serneuerung.forumactif.com/t21-liesel-von-hohenzollern-fille-de-l-empereur',1,7),(4,'Val├¿re Brac la Perri├¿re','https://20serneuerung.forumactif.com/t148-valere-brac-la-perriere-fonctionnaire-zele',1,3),(5,'Louve Deschenaux','https://20serneuerung.forumactif.com/t147-louve-deschenaux-auteure-invitee',1,7),(6,'Amrit Sinh','https://petitesindecences.forumactif.fr/t873-amrit-sinh',2,3),(10,'Kuan-Yin Zhao','https://desangetdart.forumactif.com/t171-sorciere-kuan-yin-zhao',3,7),(11,'Ambre Lef├¿bvre','https://desangetdart.forumactif.com/t373-ambre-lefevre',3,4),(12,'Camille Solignac','https://desangetdart.forumactif.com/t172-humaincamille-solignac',3,3),(13,'Vassili Aksarov','https://lesmondesmornes.forumactif.com/t37-vassili-aksarov-a-k-a-sayaxats',4,3),(14,'Oxana Beliakov','https://lesmondesmornes.forumactif.com/t36-oxana-beliakov-membre-du-cercle-incarnat',4,7),(15,'Samuelle Corcia','https://desangetdart.forumactif.com/t131-vampire-samuelle-corcia',3,7),(16,'Armand Beauharnais','https://desangetdart.forumactif.com/t132-vampire-armand-beauharnais',3,3),(17,'Pavel Chtchegolikhine','https://lesmondesmornes.forumactif.com/t76-pavel-vadimovitch-chtchegolikhine',4,3),(18,'Vera Vazova','https://lesmondesmornes.forumactif.com/t70-vera-vazova',4,7),(19,'Kirill Romanov','https://20serneuerung.forumactif.com/t272-le-veritable-tsar-ou-presque',1,3),(20,'Taikan Yokoyama','https://20serneuerung.forumactif.com/t383-taikan-yokoyama',1,3),(21,'Quincy van Rooy','https://20serneuerung.forumactif.com/t247-quincy-van-rooy-fonctionnaire',1,3),(22,'Katherina Grabowski','https://20serneuerung.forumactif.com/t444-katherina-grabowski',1,4),(24,'Catalina de Bourbon','https://20serneuerung.forumactif.com/t412-catalina-de-bourbon-princesse-espagnole',1,4),(25,'Harald Rasmussen','https://20serneuerung.forumactif.com/t450-harald-le-controleur-danois',1,4),(26,'Satomi Suzuki','https://20serneuerung.forumactif.com/t298-satomi-suzuki',1,4),(27,'Svetlana Premysl','https://20serneuerung.forumactif.com/t410-the-devil-s-in-me-brother-he-s-inside-of-everything-i-do-svetlana',1,4),(28,'Cec├¡lia von Habsburg','https://20serneuerung.forumactif.com/t372-cecilia-von-habsburg-lothringen',1,4),(29,'Akeko Yokoyama','https://20serneuerung.forumactif.com/t382-akeko-yokoyama',1,7),(30,'Giuseppina Panbianchi','https://20serneuerung.forumactif.com/t245-giuseppina-panbiachi-diva',1,7),(31,'Mil├®na Sandrakjan','https://20serneuerung.forumactif.com/t451-milena-sandrakjan',1,4),(32,'Victoria F. Romanov','https://20serneuerung.forumactif.com/t272-le-veritable-tsar-ou-presque',1,4),(33,'Angelica Eschioza','https://20serneuerung.forumactif.com/t459-angelica-eschioza-termine',1,4),(34,'Lucius Chastel','https://desangetdart.forumactif.com/t40-vampire-lucius-chastel',3,3),(35,'Micajah Maitland','https://desangetdart.forumactif.com/t128-sorcier-micajah-maitlandl',3,3),(36,'Quentin Tremblay','https://desangetdart.forumactif.com/t301-sorcier-quentin-tremblay',3,3),(37,'Raphael Sainte-Croix','https://desangetdart.forumactif.com/t80-erevna-raphael-sainte-croix',3,3),(38,'Shi Zhaol├▓ng','https://desangetdart.forumactif.com/t277-vampire-shi-zhaolong',3,3),(39,'Anthony Garnier-Laval','https://desangetdart.forumactif.com/t166-sorcieranthonty-garnier-laval',3,3),(41,'Aziz Melki','https://desangetdart.forumactif.com/t183-humain-aziz-melki',3,3),(45,'Manon Lecours','https://desangetdart.forumactif.com/t302-sorcier-manon-lecours',3,7),(46,'Morrigan Maitland','https://desangetdart.forumactif.com/t127-sorciere-morrigan-maitland',3,7),(47,'N├®ph├®liane Moreau','https://desangetdart.forumactif.com/t387-sorciers-nepheliane-moreau',3,4),(48,'Ofelia Mancini','https://desangetdart.forumactif.com/t278-vampire-ofelia-mancini',3,7),(49,'Violette Leclerc','https://desangetdart.forumactif.com/t81-humain-violette-leclerc',3,7),(50,'Brun├®lie d\'Anc├®nie','https://desangetdart.forumactif.com/t383-sorciere-brunelie-d-ancenie-coven-des-philosophe',3,7),(51,'Charles McKinley','https://desangetdart.forumactif.com/t189-erevna-charles-mckinley',3,3),(52,'Christelle Pinson','https://desangetdart.forumactif.com/t190-erevna-christelle-pinson-hackeuse-et-edutiande',3,7),(53,'Enara Perez','https://desangetdart.forumactif.com/t165-sorciere-enara-perez',3,7),(54,'Heather Montgomery','https://desangetdart.forumactif.com/t184-vampire-heather-mongomery',3,7),(55,'Gabriel Lecordier','https://desangetdart.forumactif.com/t384-humain-gabriel-lecordier',3,3),(56,'Isabella Alba de Varga','https://desangetdart.forumactif.com/t322-isabella-alba-de-varga',3,4),(57,'Jos├®phine de Villeneuve','https://desangetdart.forumactif.com/t35-vampire-josephine-de-villeneuve',3,7),(58,'Alistair Carlysle','https://petitesindecences.forumactif.fr/t73-alistair-carlysle',2,3),(59,'Alex Morgan','https://petitesindecences.forumactif.fr/t251-alex-parce-qu-avant-de-consommer-de-la-bonne-chair-il-faut-l-attendrir',2,3),(60,'Alois von Liechtenstein','https://petitesindecences.forumactif.fr/t262-alois-le-prince-planque',2,3),(61,'Andrew Taylor','https://petitesindecences.forumactif.fr/t541-andrew-taylor-pauvre-gosse-de-riche-qui-doit-s-occuper-d-une-esclave-docile',2,3),(62,'Anton Nielsen','https://petitesindecences.forumactif.fr/t22-anton-nielsen',2,3),(63,'Arshadir Pahlavi','https://petitesindecences.forumactif.fr/t313-arshadir-pahlavi',2,3),(64,'Alya Roy','https://petitesindecences.forumactif.fr/t667-alya-roy',2,4),(65,'Alexie Cadbury','https://petitesindecences.forumactif.fr/t695-alexie-cadbury',2,4),(66,'Anastasia Carmichael','https://petitesindecences.forumactif.fr/t802-anastasia-carmichael',2,4),(67,'Arabella Fletcher','https://petitesindecences.forumactif.fr/t866-arabella-fletcher',2,4),(68,'Arslan Yilmaz','https://petitesindecences.forumactif.fr/t518-arslan-yilmaz-aucun-rapport-avec-les-chroniques',2,3),(69,'Aspara Srisai','https://petitesindecences.forumactif.fr/t542-aspara-srisai-docile-petite-esclave-dans-le-placard',2,7),(70,'Calixte White','https://petitesindecences.forumactif.fr/t68-cali-burning-man-and-whisper',2,7),(71,'Cameron Jordan','https://petitesindecences.forumactif.fr/t767-cameron-jordan-l-information-est-le-plus-grand-devoir-de-l-homme',2,3),(72,'Carol Woodworth','https://petitesindecences.forumactif.fr/t581-carol-woodworth',2,4),(73,'Carolina Johnson','https://petitesindecences.forumactif.fr/t472-carolina-johnson',2,4),(74,'Connor Heaton','https://petitesindecences.forumactif.fr/t69-connor-heaton-cambouis-drogue-et-calinette',2,3),(75,'Deidre Hamill','https://petitesindecences.forumactif.fr/t588-deidre-hamill',2,7),(76,'Dilara Yilmaz','https://petitesindecences.forumactif.fr/t519-dilara-yilmaz',2,7),(77,'Everard Zullheimer','https://chroniqueambrosia.forumactif.org/t43-grand-everard-zullheimer',5,3),(78,'Lilith de Choiseul','https://chroniqueambrosia.forumactif.org/t35-grand-lilith-de-choiseul-imperatrice-de-vapeur',5,7),(79,'Zayed Al-Sharqi','https://petitesindecences.forumactif.fr/t78-zayed-al-sharqi',2,3),(80,'Vivian Leight','ttps://petitesindecences.forumactif.fr/t72-vivian-leight-you-need-a-blue-orchid',2,7),(81,'Willow Crews','https://petitesindecences.forumactif.fr/t769-willow-crews-mere-celibataire-et-patissiere',2,7),(82,'Sybelle Takeda','https://petitesindecences.forumactif.fr/t439-sybelle-takeda',2,4),(83,'Sonja Baumann','https://petitesindecences.forumactif.fr/t557-sonja-baumann',2,4),(84,'Shahd Saliba','https://petitesindecences.forumactif.fr/t293-shahd-saliba-une-nouvelle-vie',2,7),(85,'S├®raf Nawell','https://petitesindecences.forumactif.fr/t625-seraf-nawell',2,4),(86,'Melinda Mayfair','https://petitesindecences.forumactif.fr/t110-melinda-mayfair',2,7),(87,'Maxine Hunter','https://petitesindecences.forumactif.fr/t624-max-wiccane-geek',2,7),(89,'Mia Jones','https://petitesindecences.forumactif.fr/t874-mia-jones-e-girl',2,7),(91,'Minami Takana','https://petitesindecences.forumactif.fr/t658-minami-takana-alias-mina-chan',2,4),(92,'Natalie Gareth','https://petitesindecences.forumactif.fr/t669-natalie-gareth-la-justice-en-eaux-troubles',2,4),(93,'Ophelia Mackenzie','https://petitesindecences.forumactif.fr/t200-ophelia-mackenzie',2,7),(94,'Niels Murphy','https://petitesindecences.forumactif.fr/t292-niels-murphy-la-prison-radicalise-la-preuve-je-veux-radicalement-pas-y-retourner',2,3),(95,'Pema Eastman','https://petitesindecences.forumactif.fr/t124-pema-eastman-nouvelle-proprietaire-du-dungeon',2,7),(96,'Riley Regan','https://petitesindecences.forumactif.fr/t560-riley-regan-photographe',2,7),(97,'Roxane Schneider','https://petitesindecences.forumactif.fr/t263-roxane-schenider',2,7),(98,'Rose Carthew','https://petitesindecences.forumactif.fr/t431-rose-un-petit-demon-sous-ce-visage-d-ange-termine',2,4),(99,'Sahel Al Khalifa','https://petitesindecences.forumactif.fr/t188-sahel-al-khalifa',2,3),(100,'Sara Pahlavi','https://petitesindecences.forumactif.fr/t314-sara-pahlavi-princesse',2,7),(101,'Max Hunter','https://petitesindecences.forumactif.fr/t623-max-hunter-o-la-drogue-paye-pas-si-mal',2,3),(102,'Ivy Brown','https://petitesindecences.forumactif.fr/t528-ivy-brown',2,7),(103,'Elena Collins','https://petitesindecences.forumactif.fr/t365-elena-collins-une-styliste-a-new-york',2,4),(104,'Eva Sanchez','https://petitesindecences.forumactif.fr/t601-le-danger-c-est-excitant',2,4),(105,'Fr├®d├®rick Braun','https://petitesindecences.forumactif.fr/t181-frederick-braun',2,7),(106,'Freya Simons','https://petitesindecences.forumactif.fr/t837-freya-simons',2,4),(107,'Gabriel Marchesi','https://petitesindecences.forumactif.fr/t576-gabriel-marchesi-carnet-de-note-d-un-agent-infiltre',2,4),(108,'Ignacio Sa├á','https://petitesindecences.forumactif.fr/t199-ignacio-saa',2,3),(109,'Irina Sparks','https://petitesindecences.forumactif.fr/t696-irina-sparks',2,4),(110,'Irvin Prince','https://petitesindecences.forumactif.fr/t654-irvin-prince-da-prince-in-da-place',2,3),(111,'Masada Saito','https://petitesindecences.forumactif.fr/t682-masada-saito',2,7),(112,'Louison d\'Orl├®ans','https://petitesindecences.forumactif.fr/t179-louison-d-orleans',2,7),(113,'Lisa Trudeau','https://petitesindecences.forumactif.fr/t778-nouvelle-serveuse-dans-un-nouveau-monde',2,4),(114,'Mallory Michaelson','https://petitesindecences.forumactif.fr/t487-mallory-michaelson-un-nouveau-depart-terminee',2,4),(115,'Lenny Wright','https://petitesindecences.forumactif.fr/t389-leonard-lenny-wright',2,3),(116,'Lewis Conway','https://petitesindecences.forumactif.fr/t421-lewis-conway',2,4),(117,'Kim Sae','https://petitesindecences.forumactif.fr/t373-sae-kim-coreenne-perdue-dans-un-monde-trop-vaste',2,4),(118,'June Al Khalifa','https://petitesindecences.forumactif.fr/t187-june-al-khalifa',2,7),(119,'Julian Cook','https://petitesindecences.forumactif.fr/t559-julian-cook-ft-bart-edwards',2,3),(120,'Jonas Braun','https://petitesindecences.forumactif.fr/t180-jonas-braun',2,3),(121,'Joe Forester Jr.','https://petitesindecences.forumactif.fr/t527-joe-forester-junior-putain-ce-que-je-m-emmerde',2,3),(122,'Joan Hilliker','https://petitesindecences.forumactif.fr/t408-joan-hilliker',2,4),(123,'Jessica Delarue','https://petitesindecences.forumactif.fr/t205-jessica-hey-babe-take-a-walk-on-the-wild-side',2,4),(124,'Jennifer Thompson','https://petitesindecences.forumactif.fr/t690-jennifer-thompson-terminee',2,4),(125,'Jana Friedhart','https://petitesindecences.forumactif.fr/t302-jana-friedhart',2,7),(126,'Jedediah H. Huggs','https://petitesindecences.forumactif.fr/t25-jedediah-huggs-chef-du-deuxieme-cercle',2,3),(127,'Richard Welton','https://chroniqueambrosia.forumactif.org/t234-grand-richard-welton-ministre-de-la-justice',5,3),(128,'Z├®non de Lascelles','https://chroniqueambrosia.forumactif.org/t129-dignitaire-zenon-de-lascelle-proprietaire-de-l-hippodrome',5,3),(129,'Amelia Clark','https://chroniqueambrosia.forumactif.org/t128-peuple-amelia-clark-proprietaire-de-plantations',5,7),(130,'Nemrod L\'Envers','https://chroniqueambrosia.forumactif.org/t172-grand-nemrod-l-envers-maitre-espion',5,3),(131,'M├®r├®├»pha├»ne d\'Argosme','https://chroniqueambrosia.forumactif.org/t377-mereiphaine-d-argosme',5,7),(132,'Ga├½l Fran├ºois','https://chroniqueambrosia.forumactif.org/t289-peuple-gael-francois-palfrenier',5,3),(134,'Micha├½l Malon','https://petitesindecences.forumactif.fr/t390-michael-malon-dit-mickey',2,7),(135,'Margaux Miller','https://petitesindecences.forumactif.fr/t197-margaux-souris-a-la-vie-cette-garce-te-le-rendra',2,4),(136,'Adam Reeves','https://discord.com/channels/@me/421683107465396234/830353574747832320',2,7),(137,'Milla Lawson','https://petitesindecences.forumactif.fr/t818-milla-lawson-termine',2,4),(138,'Raimond Beauregard','https://chroniqueambrosia.forumactif.org/t349-dignitaire-raimond-beauregard-heritier-d-un-comte-vignoble',5,3),(139,'L├®onie de Marzac','https://chroniqueambrosia.forumactif.org/t619-leonie-banquiere',5,7),(140,'Mikha├»l Romanov','https://20serneuerung.forumactif.com/t273-mikhail-romanov-le-prince-acteur',1,7),(141,'Anastasia Kovalenko','https://20serneuerung.forumactif.com/t460-anastasia-kovalenko',1,4),(142,'Lucy Hale','https://subfirmamentum.forumactif.com/t90-lucy-hale-technopathe-niveau-10',6,7),(143,'Eobard Malkan','https://subfirmamentum.forumactif.com/t153-eobard-malkan',6,3),(144,'Josha D\'Lenga','https://subfirmamentum.forumactif.com/t133-josha-d-lenga-l-etrangere',6,7),(145,'Gregorian steele','https://subfirmamentum.forumactif.com/t132-gregorian-steele',6,3),(146,'Charlotte Delacroix','https://subfirmamentum.forumactif.com/t148-charlotte-delacroix-la-lionne',6,7),(147,'Johnathan Delacroix','https://subfirmamentum.forumactif.com/t67-jonathan-delacroix-rex-leonum',6,3),(148,'Nikola Chevaliers','https://subfirmamentum.forumactif.com/t60-nikola-chevalier-artiste-insouciante',6,7),(149,'Lawrence Chevaliers','https://subfirmamentum.forumactif.com/t61-lawrence-chevaliers',6,3),(150,'Bryce Kayne / Batwoman','https://dc-comis-free.variousforum.com/t1664-bryce-kayne-batwoman',7,7),(151,'Claira Kent / Superwoman','https://dc-comis-free.variousforum.com/t1665-claira-kent-ou-superwoman-a-vous-de-voir',7,4),(152,'Dane Prince / Wonderous Man','https://dc-comis-free.variousforum.com/t1663-dane-of-elysion-aka-wonderous-man-of-earth-11',7,3),(153,'Shaeline la tramevie','https://les-mythes-d-ysarill.forumsrpg.com/t112-shaeline-la-tramevie-deesse-du-destin',8,7),(154,'Kana Yamauchi','https://les-mythes-d-ysarill.forumsrpg.com/t148-kana-yamauchi',8,4),(155,'Rahir le scellesprit','https://les-mythes-d-ysarill.forumsrpg.com/t122-rahir-le-scellesprit',8,3),(156,'Joshua Griffin','https://petitesindecences.forumactif.fr/t308-joshua-griffin-il-sera-bien-temps-de-dormir-une-fois-mort',2,4),(159,'Sagremor d\'aigresang','https://les-mythes-d-ysarill.forumsrpg.com/t134p20-je-ne-veux-pas-rentrer-chez-moi-pv#915',8,3),(160,'Maiden Aguerdieu','https://les-mythes-d-ysarill.forumsrpg.com/t120-maiden-aguerdieu-maquerelle-et-sorciere',8,7),(161,'Raven','https://dc-comis-free.variousforum.com/t1481-raven-titan',7,7),(162,'Ephra├»m Cade','https://dc-comis-free.variousforum.com/t1482-ephraim-cade',7,3),(163,'Paige Adams','https://petitesindecences.forumactif.fr/t52-if-i-was-a-rich-girl-paige',2,4),(164,'Thomas Wayne / Batman','https://dc-comis-free.variousforum.com/t1040-thomas-wayne-la-justice-ne-sembarrasse-pas-de-proces',7,3),(165,'Martha Wayne / Joker','https://dc-comis-free.variousforum.com/t1039-le-joker-certains-hommes-veulent-juste-voir-le-monde-bruler-certaines-femmes-aussi',7,7),(166,'Clayface','https://dc-comis-free.variousforum.com/t751-sous-le-masque-de-jonathan-whiters-clayface-originellement-basil-karlo',7,3),(167,'Blake Light / Fool Moon','https://dc-comis-free.variousforum.com/t1026-blake-light-fool-moon-super-heroine-ou-presque',7,7),(168,'Pamela Isley / Poison Ivy','https://dc-comis-free.variousforum.com/t1006-poison-ivy-mere-des-plantes-et-selon-les-hommes-eco-terroriste',7,7),(169,'Malcolm Glendale','https://dc-comis-free.variousforum.com/t1007-dans-le-pire-je-vous-rend-meilleur',7,3),(170,'Camilla Strokes','https://dc-comis-free.variousforum.com/t1427-camilla-strokes',7,7),(171,'Lucien Beaumont / La pie','https://dc-comis-free.variousforum.com/t1321-la-legende-de-la-pie',7,3),(172,'Marcus Owen','https://dc-comis-free.variousforum.com/t883-marcus-owens-i-have-you-but-you-don-t-know-it',7,3),(173,'Selina Kyle / Catwoman','https://dc-comis-free.variousforum.com/t1144-catwoman',7,7),(174,'Pinky Jelly','https://dc-comis-free.variousforum.com/t897-pinky-jelly',7,7),(175,'Scott Marsden / Deathtoy','https://dc-comis-free.variousforum.com/t898-deathtoy-quand-lesrepliques-deviennent-vraies',7,3),(176,'Skylar Matheson','https://dc-comis-free.variousforum.com/t1534-sky-fouinemerde-fille-presque-a-maman',7,7),(177,'Joseph Steinberg','https://dc-comis-free.variousforum.com/t1533-joseph-steinberg-directeur-et-redacteur-du-daily-heroes',7,3),(178,'John Ailstream / Ion Knight','https://dc-comis-free.variousforum.com/t1303-john-ailstream-ion-knight',7,3),(179,'Kheis Kalen / Queen Sapphire','https://dc-comis-free.variousforum.com/t1302-queen-sapphire-la-force-de-l-admiration',7,7),(180,'Connor Kent / Superboy','https://dc-comis-free.variousforum.com/t1399-superboy',7,3),(181,'Dick Grayson / Nigthwing','https://dc-comis-free.variousforum.com/t809-nightwing',7,3),(182,'Luis Delgado','https://dc-comis-free.variousforum.com/t1455-luis-delgado',7,3),(183,'Kori Anders / Starfire','https://dc-comis-free.variousforum.com/t884-starfire-princesse-de-tamarran',7,7),(184,'Llewelyn Gyffes','https://dc-comis-free.variousforum.com/t1316-llewelyn-gyffes-ordonnez-et-j-execute',7,3),(185,'Robyn Mayers','https://dc-comis-free.variousforum.com/t1186-robyn-mayers-la-fille-qui-a-toujours-voulu-etre-un-super-hero',7,7),(186,'Heaven Harlow / Lady Krypton','https://dc-comis-free.variousforum.com/t1454-lady-krypton',7,7),(188,'312217  / Lizzie','https://dc-comis-free.variousforum.com/t1519-lizzie-cyborg',7,7),(189,'Matthew Cassidy','https://dc-comis-free.variousforum.com/t1518-mathew-cassidy',7,3),(190,'Soren Stuart / Sohor -El','https://dc-comis-free.variousforum.com/t1362-sohor-el-un-rescape-kryptonien',7,3),(191,'Sophia Stuart / Sohyra - El','https://dc-comis-free.variousforum.com/t1363-sohyra-el-pour-krypton',7,7),(192,'C\'than Sell Da\'anhu├╗ur ','https://dc-comis-free.variousforum.com/t1201-c-than-sell-da-anhuuur-ft-stephen-james',7,3),(193,'ValÔÇÖhaerys DÔÇÖAzaÔÇÖOrth ','https://dc-comis-free.variousforum.com/t1202-valhaerys-dazaorth',7,7),(194,'Saul Davidson / Trilov ','https://dc-comis-free.variousforum.com/t918-saul-davidson-trilov',7,3),(195,'Prudence Davidson/Resbia ','https://dc-comis-free.variousforum.com/t917-prudence-davidson-assureur-demoniaque',7,7),(196,'Prudence Davidson / Prudence','https://dc-comis-free.variousforum.com/t917-prudence-davidson-assureur-demoniaque',7,7),(198,'Zoey Malcone','https://dc-comis-free.variousforum.com/t1400p50-debout-super-boy#18975',7,7),(199,'Lucciano Patriaca','https://dc-comis-free.variousforum.com/t1167-il-patrone-della-famiglia-patriarca',7,3),(200,'Gabrielle Borghese / Musa','https://dc-comis-free.variousforum.com/t1166-l-inspiratrice-gabriella',7,7),(201,'Mera','https://dc-comis-free.variousforum.com/t1542-mera-reine-d-atlantis',7,7),(202,'Arthur Curry / Aquaman','https://dc-comis-free.variousforum.com/t1543-le-seigneur-des-7-mers-a-perdu-son-plus-beau-coquillage',7,3),(206,'Abigail o\'Connor','https://20serneuerung.forumactif.com/t297-abigail-o-connor-feeling-good',7,4),(207,'Abigail o\'Connor','https://20serneuerung.forumactif.com/t342-alexandra-windsor',1,4),(208,'Alexandra Windsor','https://20serneuerung.forumactif.com/t342-alexandra-windsor',1,4),(209,'Constance Jane Enverse','https://chroniqueambrosia.forumactif.org/t464-peuple-constance-jane-enverse-garde-imperiale',5,7),(211,'Emily de Brez','https://chroniqueambrosia.forumactif.org/t204-emily-thoromir-de-brez',5,7),(212,'Kane Kerrigan','https://dc-comis-free.variousforum.com/t1641-petite-demone-capricieuse-et-inutile',7,7),(213,'Silas Vaughn','https://dc-comis-free.variousforum.com/t1640-silas-vaughn-echec-et-mat',7,3),(214,'Val├®rian d\'Andressy','https://chroniqueambrosia.forumactif.org/t245-dignitaires-valerian-d-andressy-comedien-gentleman-cambrioleur',5,7),(215,'Daphn├®e Samabartel','https://chroniqueambrosia.forumactif.org/t568-dignitaire-o-daphnee-samabartel-o-proprietaire-d-un-comptoir-commercial',5,4),(216,'Zara Kane','https://petitesindecences.forumactif.fr/t836-zara-kane-life-is-a-rollercoaster',2,4),(217,'Madelyne Francoeur','https://desangetdart.forumactif.com/t239-maddy-francoeur',3,4),(219,'Saraid Aisling','https://chroniqueambrosia.forumactif.org/t345-peuple-saraid-aisling-assistante-fauconniere-du-zoo',5,3),(220,'Etienne Louis d\'Aramitz','https://chroniqueambrosia.forumactif.org/t641-peuple-etienne-louis-d-aramitz',5,3),(221,'Craig Hughes','https://dc-comis-free.variousforum.com/t1622-craig-hughes-readyyyyy-fight',7,3),(222,'Amy \"Red\" Purple','https://dc-comis-free.variousforum.com/t1169-amy-red-purple',7,7),(223,'Samael','https://soulsofhaven.forumactif.com/t25-samael-seigneur-des-enfers',10,3),(224,'N├®r├®e','https://soulsofhaven.forumactif.com/t149-demon-neree-ft-iain-glen',10,3),(225,'Shamyaza','https://soulsofhaven.forumactif.com/t290-shamyaza-le-maitre-de-l-information',10,3),(226,'Marianne Levalois','https://soulsofhaven.forumactif.com/t272-mere-marianne',10,7),(227,'Lilith','https://soulsofhaven.forumactif.com/t58-lilith-la-maire-de-tous-les-demons',10,7),(228,'Calypso','https://soulsofhaven.forumactif.com/t203-calypso-lutine-emmerdeuse',10,7),(229,'Andreas','https://soulsofhaven.forumactif.com/t99-demon-andreas-archonte-des-conquerants',10,7),(230,'L├®andra Valendra','https://soulsofhaven.forumactif.com/t289-leandra-valendra-hotesse-au-lillie',10,7),(231,'Marcus Octavien','https://soulsofhaven.forumactif.com/t104-marcus-rex-octavien',10,3),(232,'Ali Nelson / Peekaboo','https://dc-comis-free.variousforum.com/t1709-ali-nelson-peekaboo',7,3),(233,'Deborah Drews / Hivee','https://dc-comis-free.variousforum.com/t1710-reine-des-insectes-hum-oui',7,7),(234,'Eden Conway','https://petitesindecences.forumactif.fr/t451-eden-blind-in-love',2,4),(235,'Elle O\'Shea','https://petitesindecences.forumactif.fr/t883-elle-o-shea',2,4),(236,'Jos├®phine de Robespierre','https://heavensanger.variousforum.com/t90-la-monogamie-c-est-le-fantasme-des-moches-jo',11,4),(237,'Rocka Sumac','https://heavensanger.variousforum.com/t476-rocka-sumac',11,3),(238,'Jeanne de Lassus','http://20serneuerung.forumactif.com/',1,4),(239,'Anna Curry / Aquawoman','https://dc-comis-free.variousforum.com/t1713-anna-cury-reine-des-atlantes-enfin-dans-son-univers',7,4),(240,'Vandal Savage','https://dc-comis-free.variousforum.com/t727-vandal-savage-le-temps-n-a-aucune-importance',7,3),(241,'Thea Queen','https://dc-comis-free.variousforum.com/t946-thea-queen',7,4),(242,'Nyssa Al Ghul','https://dc-comis-free.variousforum.com/t967-la-fille-du-demon',7,4),(243,'Laurel Lance / Black Canary','https://dc-comis-free.variousforum.com/t958-the-black-canary',7,4),(244,'Lucy Hanson','https://dc-comis-free.variousforum.com/t1073-lucy-hanson-lutteuse-contre-le-crime',7,4),(246,'Scandal Savage','https://dc-comis-free.variousforum.com/t1658-scandaleusement-sauvage-scandal-savage',7,4),(247,'Stephanie Brown / Batgirl','https://dc-comis-free.variousforum.com/t1573-stephanie-brown-batgirl-en-attente',7,4),(248,'Diana Prince / Wonderwoman','https://dc-comis-free.variousforum.com/t1559-diana-prince-wonder-woman',7,4),(249,'Harleen Quinzel','https://dc-comis-free.variousforum.com/t1508-harleen-quinzel',7,4),(250,'Cleopatra Philopator','https://dc-comis-free.variousforum.com/t1370-une-imperatrice-une-reine-antique-dans-le-monde-actuel',7,4),(251,'Mia Coonlan','https://dc-comis-free.variousforum.com/t1161-mia-conlan-la-jeune-etudiante',7,4),(252,'Jimmy Dickerson','https://dc-comis-free.variousforum.com/t1165-jimmy-dickerson',7,3),(253,'Donna Troy / Wondergirl','https://dc-comis-free.variousforum.com/t1558-wonder-girl',7,4),(254,'Alina Disrev','https://petitesindecences.forumactif.fr/t377-alina-disrev',2,4),(255,'Maria Varga','https://heavensanger.variousforum.com/t513-maria-varga-au-nom-du-soleil',11,7),(256,'Ren├án Ortega','https://heavensanger.variousforum.com/t93-renan-ortega-secte-plaisir-et-vengeance',11,3),(257,'Chaska Eluney','https://heavensanger.variousforum.com/t537-chaska-eluney',11,7),(258,'Ald├®ric d\'Adh├®mar','https://dunmondealautre.forumactif.com/t8-alderic-d-adhemar',12,3),(259,'Mahault d\'Adh├®mar','https://dunmondealautre.forumactif.com/t6-mahault-d-adhemar',12,7),(260,'Isaac Crawley','https://dunmondealautre.forumactif.com/t7-isaac-crawley',12,3),(261,'Kenno\'cha MacKenzie','https://dunmondealautre.forumactif.com/t4-kenno-cha-mackenzie',12,7),(262,'Lindsey Turner','https://petitesindecences.forumactif.fr/t888-lindsey-turner-lost-writer',2,4),(263,'Edith Ivaldi','https://petitesindecences.forumactif.fr/t923-edith-ivaldi-terminee',2,4),(264,'Nathan Lodge','https://petitesindecences.forumactif.fr/u298',2,4),(265,'Suzanne stuart','https://petitesindecences.forumactif.fr/t308-joshua-griffin-il-sera-bien-temps-de-dormir-une-fois-mort',2,4),(266,'Hope Sanders','https://petitesindecences.forumactif.fr/t944-hope-evans-terminee',2,4),(267,'Li Na Zh├╣','https://petitesindecences.forumactif.fr/t951-li-na-pacte-avec-le-diable',2,7),(268,'Xiong Qin','https://petitesindecences.forumactif.fr/t952-xiong-qin-heritier-du-wong-du',2,3),(269,'Amalaric Gowan','https://petitesindecences.forumactif.fr/t275-un-nouveau-videur-a',2,4),(270,'Jason Duchatelet','https://chroniqueambrosia.forumactif.org/u94',5,4),(271,'Lieutenant Bunny','https://dc-comis-free.variousforum.com/t684-lieutenant-bunny',7,4),(272,'Charly Cavaletti','https://dc-comis-free.variousforum.com/t977-charly-cavaletti',7,4),(273,'Silly Sally','https://dc-comis-free.variousforum.com/t1438-silly-sally',7,4),(274,'Sweety Cold/Mousy Dolly','https://dc-comis-free.variousforum.com/t636-mousy-dolly',7,4),(275,'Romy Morgan','https://petitesindecences.forumactif.fr/t964-romy-morgan-aujourd-hui-votre-journee-va-etre-ensoleillee',2,7),(276,'Anna Bauer','https://20serneuerung.forumactif.com/t492-anna-bauer-wrong-way',1,4),(277,'Karl Daimler','https://20serneuerung.forumactif.com/t500-karl-daimler-les-voitures-avant-tout#5621',1,3),(278,'Valeria Tcaci','https://20serneuerung.forumactif.com/t498-valeria-tcaci-l-exilee',1,7),(279,'Lydwine Daimler','https://20serneuerung.forumactif.com/t501-lydwine-daimler-la-tristesse-d-une-femme-mariee',1,7),(280,'Felicia Gaviria','https://petitesindecences.forumactif.fr/t982-felicia-gaviria',2,4),(281,'Colm Lawrence','https://petitesindecences.forumactif.fr/t980-colm-lawrence-termine',2,4),(282,'Louis Thibaudeaux','https://20serneuerung.forumactif.com/t497-louis-thibodeaux-le-jazz-dans-le-sang',1,3),(283,'River Hill','https://petitesindecences.forumactif.fr/t1000-river-hill-apprendre-a-bien-mener-sa-vie',2,3),(284,'Phoenix Philipps','https://petitesindecences.forumactif.fr/t1001-phoenix-philipps',2,7),(285,'Leona Smith','https://petitesindecences.forumactif.fr/t1021-leona-smith-une-colocataire-complice',2,4),(286,'Charles Horrowitz','https://petitesindecences.forumactif.fr/t1017-charles-horowitz',2,4),(287,'Yumi Takeshi','https://petitesindecences.forumactif.fr/t1027-yumi-takeshi-termine',2,4),(288,'Emma Rosenthal','https://petitesindecences.forumactif.fr/t1032-emma-rosenthal',2,4),(289,'Emma Rosenthal','https://petitesindecences.forumactif.fr/t1032-emma-rosenthal',2,4),(290,'Ellie Dawson','https://petitesindecences.forumactif.fr/t1016-ellie-dawson',2,4),(291,'Abe Nicholls','https://petitesindecences.forumactif.fr/t1054-abe-nicholls-l-art-se-paie',2,3),(292,'Swann Summers','https://petitesindecences.forumactif.fr/t1055-swann-summers-street-artiste',2,7),(293,'Henry Wolverton','https://chroniqueambrosia.forumactif.org/t525-peuple-henry-wolverton-inventeur-fou',5,4),(294,'Aodan O Broin','https://petitesindecences.forumactif.fr/t1059-soumis-compagnon-poete',2,4),(295,'Kahina Petrova','https://petitesindecences.forumactif.fr/t1066-kahina-petrova',2,4),(296,'Zach Reed','https://petitesindecences.forumactif.fr/t1080-zach-le-capitalisme-c-est-la-mort-de-la-liberte-man',2,3),(297,'Faith Wright','https://petitesindecences.forumactif.fr/t1079-faith-ou-la-fausse-innocence',2,7),(298,'Zach Reed','https://petitesindecences.forumactif.fr/t1080-zach-le-capitalisme-c-est-la-mort-de-la-liberte-man',2,3),(299,'Wolfgang Velten','https://20serneuerung.forumactif.com/t528-wolfgang-velten',1,4),(300,'Amanda Weller','https://petitesindecences.forumactif.fr/t1075-amanda-weller',2,4),(301,'Riheb Al-Baqir','https://20serneuerung.forumactif.com/t534-chere-imagination-ce-que-j-aime-surtout-en-toi-c-est-que-tu-ne-pardonnes-pas',1,4),(302,'Dinah Lance \\ Black Canaru','https://dc-comis-free.variousforum.com/t1757-dinah-lance-black-canary',7,4),(303,'Carol Caraiman','https://20serneuerung.forumactif.com/t542-carol-caraiman-ex-prince-de-roumanie',1,3),(304,'Elena Lupescu','https://20serneuerung.forumactif.com/t541-elena-magda-lupescu',1,7),(305,'Nika Vassiliev','https://petitesindecences.forumactif.fr/t1039-nika-vassiliev',2,4),(306,'Presley Marshall','https://petitesindecences.forumactif.fr/t1098-presley-marshall',2,4),(307,'Dijana Bonnet Sojka','https://desangetdart.forumactif.com/t418-dijana-bonnet-sojka-sorciere',3,4),(308,'Milena Sandrakjan','https://20serneuerung.forumactif.com/t532-milena-sandrakjan',1,4),(309,'Bruce Wayne / Batman','https://dc-comis-free.variousforum.com/t1766-bruce-wayne-aka-batman',7,7),(310,'Clark Kent / Superman ','https://dc-comis-free.variousforum.com/t1765-clark-kent-superman-man-of-steel',7,4),(311,'Polina Rosenweiss','https://20serneuerung.forumactif.com/t550-polina-rosenweiss',1,4),(312,'The Joker','https://dc-comis-free.variousforum.com/t1770-il-suffit-d-une-seule-mauvaise-nuit-pour-conduire-le-plus-sain-des-hommes-a-la-folie-pv#20292',7,3),(313,'Vicky Vale','https://dc-comis-free.variousforum.com/t325-vicki-vale',7,4),(314,'Joker','https://dc-comis-free.variousforum.com/t1770-il-suffit-d-une-seule-mauvaise-nuit-pour-conduire-le-plus-sain-des-hommes-a-la-folie-pv',7,3),(315,'Mikalya Ramsay','https://petitesindecences.forumactif.fr/t1115-mikayla-ramsay',2,4),(316,'Kal-IL / Ultraman','https://dc-comis-free.variousforum.com/t1786-ultraman-ft-henry-cavill#20390',7,3),(317,'Autumn Corcoran','https://dc-comis-free.variousforum.com/t1787-autumn-corcoran',7,7),(318,'Dana Harmon','https://petitesindecences.forumactif.fr/t1114-dana-harmon',2,4),(319,'Maelle Green','https://petitesindecences.forumactif.fr/t1110-maelle-green',2,4),(320,'Oliver Queen / Green Arrow','https://dc-comis-free.variousforum.com/t1790-oliver-queen-green-arrow-termine',7,4),(321,'Chiara Hamilton','https://20serneuerung.forumactif.com/t544-chiara-hamilton-termine',1,4),(322,'Ava de Luca','https://desangetdart.forumactif.com/t439-ava-de-luca-vampire',3,4),(323,'Erika Rizzo / Drain','https://dc-comis-free.variousforum.com/t1805-erika-rizzo-drain-i-m-fucking-hungry',7,4),(324,'Baptiste de Sangre','https://desangetdart.forumactif.com/t432-vampire-baptiste-de-sangre',3,4),(325,'Cartha Al\'Venn\'Tur','https://dc-comis-free.variousforum.com/t1803-cartha-al-venn-tur',7,4),(326,'Heather Crain','https://petitesindecences.forumactif.fr/t1056-heather-crain',2,4),(327,'Eleanore Sheffield','https://petitesindecences.forumactif.fr/t1138-eleanore-sheffield',2,4),(328,'Clyde O\'dwyer','https://petitesindecences.forumactif.fr/t1145-clyde-odwyer',2,4),(329,'Odell Riesse','https://desangetdart.forumactif.com/u95',3,4),(330,'Jenna Davies','https://petitesindecences.forumactif.fr/t1146-jenna-davies',2,4),(331,'Scandal Savage','https://dc-comis-free.variousforum.com/t1819-scandal-savage-i-m-a-survivor',7,4),(332,'Daniel Alexander','https://petitesindecences.forumactif.fr/t1165-daniel-alexander-feeling-like-an-ever-empty-bottle-of-passion',2,3),(333,'Tha├»s Porter','https://petitesindecences.forumactif.fr/t1164-athenais-seraphine-porter',2,7),(334,'Tanja Kuzmic','https://20serneuerung.forumactif.com/u137',1,4),(335,'Ethan Melnik','https://petitesindecences.forumactif.fr/t1159-ethan-melnik-ft-keanu-reeves',2,4),(336,'Carem Muller','https://petitesindecences.forumactif.fr/u393',2,4),(337,'Sierra Frances','https://heavensanger.variousforum.com/t346-le-jour-ou-je-suis-morte-sierra',11,4),(338,'Reigner Rosenburgh','https://heavensanger.variousforum.com/t293-reignier-rosenburgh-mana-recent',11,3),(339,'Gary Pearson / Garan Pakhrrus','https://dc-comis-free.variousforum.com/t1834-un-jour-les-psiosn-domineront-la-galaxie-mais-avant-faut-gerer-blackfire',7,3),(340,'Komand\'r / Blackfire','https://dc-comis-free.variousforum.com/t1833-komand-r-imperatrice-ou-rien',7,7),(341,'Mildred Lawrence','https://20serneuerung.forumactif.com/t575-mildred-lawrence',1,4),(342,'Laura Summers','https://petitesindecences.forumactif.fr/t1181-laura-summer',2,4),(343,'Cookie Malkovitch','https://petitesindecences.forumactif.fr/t1204-everybody-needs-a-cookie',2,4),(344,'Billie Salsbury','https://petitesindecences.forumactif.fr/t1215-billie-salsbury-termine',2,4),(345,'Alice Drian','https://petitesindecences.forumactif.fr/t1217-alice-drian',2,4),(346,'Abiga├»l Hayes','https://petitesindecences.forumactif.fr/t1233-abigail-hayes',2,4),(347,'Ren├®e Montoya','https://dc-comis-free.variousforum.com/t1838-renee-montoya',7,4),(348,'Anastasia N. Romanov','https://20serneuerung.forumactif.com/t587-anastasia-nikolaievna-romanova',1,4),(349,'Fenella A. Erskine','https://petitesindecences.forumactif.fr/t1249-fenella-aimee-erskine-nerd-a-temps-plein-terminee',2,4),(350,'Teth-Adam/Black Adam','https://dc-comis-free.variousforum.com/t1851-black-adam-le-roi-du-kahndaq-est-parmi-vous',7,4),(351,'Griselda Kayser','https://petitesindecences.forumactif.fr/t1256-griselda-kayser-soyez-honorees-qu-elle-s-occupe-de-vous',2,7),(352,'Raleigh Peters','https://petitesindecences.forumactif.fr/t1257-raleigh-peters',2,3),(353,'Ashley Winger','https://petitesindecences.forumactif.fr/t1184-ashley-winger-ft-victoria-pedretti',2,4),(354,'Morana M├®vellec','https://desangetdart.forumactif.com/t460-morana-mevellec',3,4),(355,'Vivianne de Mornecoeur','https://perdition3.forumactif.com/t1928-vivianne-de-mornecoeur-sorciere-fiche-normale-terminee',14,7),(356,'Nomin Thalion','https://perdition3.forumactif.com/t1745-l-art-de-la-torture-et-de-la-douleur-nomin',14,4),(357,'St├®phandra Krakov','https://perdition3.forumactif.com/t2143-stephandra',14,4),(358,'Abraham Blackwolf','https://perdition3.forumactif.com/t2148-bram-blackwolf-alpha',14,7),(359,'F├®anturi Heldaria','https://perdition3.forumactif.com/t1862-lycane-depuis-60-ans-deja',14,4),(360,'Aymeric de Lomblois','https://perdition3.forumactif.com/t1996-la-bete',14,7),(361,'Cheyenne Orbel','https://perdition3.forumactif.com/t725-cheyenne-seconde-du-deep-abyss',14,4),(362,'Chiara Varrone','https://petitesindecences.forumactif.fr/t1266-chiara-purr-at-the-moon',2,4),(363,'Charlie Wood','https://petitesindecences.forumactif.fr/t1277-charlie-wood-traumatismes-and-co',2,4),(364,'Isaac Black','https://petitesindecences.forumactif.fr/t1269-isaac-black',2,4),(365,'Stella Gadson','https://petitesindecences.forumactif.fr/t1290-stella-gadson-terminee',2,4),(366,'Dakota Raynolds','https://petitesindecencesentreamis.fr/viewtopic.php?t=274',2,7),(367,'tobias lee','https://petitesindecencesentreamis.fr/viewtopic.php?t=275',2,3),(368,'Alix LeRoy','https://petitesindecencesentreamis.fr/viewtopic.php?p=916#p916',2,4),(369,'Catalina del pino','https://petitesindecencesentreamis.fr/viewtopic.php?t=211',2,4),(370,'Holly Higgins/Miss Squid','https://dc-comis-free.variousforum.com/t1867-holly-higgins-miss-squid',7,7),(371,'Catalina Del Pino','https://petitesindecencesentreamis.fr/viewtopic.php?p=523#p523',2,4),(372,'Aaliyah Al-Sharqi','https://petitesindecencesentreamis.fr/viewtopic.php?t=302',2,4),(373,'Enid Butler','https://petitesindecencesentreamis.fr/viewtopic.php?t=308',2,7),(374,'Roy Carter','https://petitesindecencesentreamis.fr/viewtopic.php?t=309',2,3),(375,'Amalia Maschmann','https://20serneuerung.forumactif.com/u142',1,4),(376,'Victoria Redford','https://petitesindecencesentreamis.fr/viewtopic.php?t=315',2,4),(377,'Masahiro Saito','https://petitesindecencesentreamis.fr/viewtopic.php?t=325',2,3),(378,'Chloe Redfield','https://petitesindecencesentreamis.fr/viewtopic.php?t=323',2,7),(379,'Darian Davis','https://petitesindecencesentreamis.fr/viewtopic.php?t=333',2,3),(380,'Hope Waldorf','https://petitesindecencesentreamis.fr/viewtopic.php?t=332',2,7),(381,'Felicia Di Spinoza','https://petitesindecencesentreamis.fr/viewtopic.php?t=341',2,4),(383,'M├®gane Manenti','https://desangetdart.forumactif.com/t472-megane-manenti',3,4),(384,'Lois Lane','https://dc-comis-free.variousforum.com/t319-lois-lane',7,4),(385,'Juliette Leclerc','#',3,4),(386,'Faustine Blanchard','https://20serneuerung.forumactif.com/t606-faustine-blanchard#7583',1,7),(387,'Javier Castillo','https://20serneuerung.forumactif.com/t605-javier-castillo#7582',1,3),(388,'S├®raphine Lambert','https://desangetdart.forumactif.com/t478-sorciere-seraphine-lambert#6051',3,7),(389,'Adrian Alvaro','https://desangetdart.forumactif.com/t477-vampire-adrian-alvaro#6050',3,3),(390,'John Goodall','#',2,4),(391,'Sofia Niklos','#',2,4),(392,'Zoey Lowen','https://petitesindecencesentreamis.fr/viewtopic.php?p=2239#p2239',2,4),(393,'Avril Benedict','https://petitesindecencesentreamis.fr/viewtopic.php?t=382',2,4),(394,'Tess Wyatt','https://petitesindecencesentreamis.fr/viewtopic.php?t=391',2,7),(395,'Hayden McCarthy','https://petitesindecencesentreamis.fr/viewtopic.php?t=390',2,3),(396,'Candyce Cooper','#',2,4),(397,'Ellyanore Bryant','#',2,4),(399,'Casey Hammer','https://petitesindecencesentreamis.fr/viewtopic.php?t=358',2,3),(400,'Katherina Edgia','https://petitesindecencesentreamis.fr/viewtopic.php?t=366',2,4),(401,'Haya Kikuji','https://petitesindecencesentreamis.fr/viewtopic.php?t=388',2,4),(402,'Amelia Right','https://petitesindecencesentreamis.fr/viewtopic.php?p=3200#p3200',2,4),(403,'Valerio Lucchese','#',2,3),(404,'Charlotte Winslet','#',2,7),(405,'Martha King','https://petitesindecencesentreamis.fr/viewtopic.php?t=437',2,4),(406,'Zoya Petrov','https://petitesindecencesentreamis.fr/viewtopic.php?t=442',2,4),(407,'Grace Addams','https://petitesindecencesentreamis.fr/viewtopic.php?t=473',2,7),(408,'Aiden Mitchell','https://petitesindecencesentreamis.fr/viewtopic.php?t=472',2,3),(409,'Tallulah Aquino','https://petitesindecencesentreamis.fr/viewtopic.php?p=4160#p4160',2,7),(410,'Rafael Aquino','https://petitesindecencesentreamis.fr/viewtopic.php?t=475',2,3),(411,'Isaiah Jameson','#',2,3),(412,'Maddison Jameson','#',2,7),(413,'Erika Crawn / Drain','https://dc-comis-free.variousforum.com/t1916-erika-crawn-drain',7,4),(414,'Amanda Watson','https://petitesindecencesentreamis.fr/viewtopic.php?t=506',2,4),(415,'Jayden Arshmoore','#',2,7),(416,'Prince Lagard├¿re','#',2,4),(417,'Anthony Alden','#',2,3),(418,'Hazel Spacey','#',2,7),(419,'Clark Regan','https://petitesindecencesentreamis.fr/memberlist.php?mode=viewprofile&u=239',2,4),(420,'Arielle Campbell','#',2,4),(421,'Nora Weiss','https://petitesindecencesentreamis.fr/viewtopic.php?p=5716#p5716',2,4),(422,'Liam Bartolucci','https://petitesindecencesentreamis.fr/viewtopic.php?p=5803#p5803',2,4),(423,'Lewis Mateson','https://petitesindecencesentreamis.fr/memberlist.php?mode=viewprofile&u=260',2,3),(424,'Prudence Ellison','https://petitesindecencesentreamis.fr/memberlist.php?mode=viewprofile&u=259',2,7),(425,'Elena Novak','#',2,4),(426,'Seora Nahae','https://petitesindecencesentreamis.fr/memberlist.php?mode=viewprofile&u=263',2,4);
/*!40000 ALTER TABLE `characters` ENABLE KEYS */;
UNLOCK TABLES;

--
-- Table structure for table `forum`
--

DROP TABLE IF EXISTS `forum`;
/*!40101 SET @saved_cs_client     = @@character_set_client */;
/*!50503 SET character_set_client = utf8mb4 */;
CREATE TABLE `forum` (
  `id` int(11) NOT NULL AUTO_INCREMENT,
  `name` varchar(255) NOT NULL,
  `nickname` varchar(255) NOT NULL,
  `link` varchar(255) NOT NULL,
  `image` varchar(255) NOT NULL DEFAULT 'none',
  PRIMARY KEY (`id`)
) ENGINE=InnoDB AUTO_INCREMENT=15 DEFAULT CHARSET=utf8mb4;
/*!40101 SET character_set_client = @saved_cs_client */;

--
-- Dumping data for table `forum`
--

LOCK TABLES `forum` WRITE;
/*!40000 ALTER TABLE `forum` DISABLE KEYS */;
INSERT INTO `forum` VALUES (1,'20\'s Erneuerung','20\'s','https://20serneuerung.forumactif.com/','https://cdn.discordapp.com/attachments/247844852262240256/861601558784901141/Capture_decran_du_2021-07-05_15-32-37.png'),(2,'Petites Ind├®cences entre Amis','PIA','https://petitesindecences.forumactif.fr','https://cdn.discordapp.com/attachments/247844852262240256/861601530855161867/Capture_decran_du_2021-07-05_15-24-06.png'),(3,'De Sang Et D\'Art','DSEDA','https://desangetdart.forumactif.com/','https://cdn.discordapp.com/attachments/247844852262240256/861601522571149372/Capture_decran_du_2021-07-05_15-30-22.png'),(4,'Les mondes mornes','Mornes','https://lesmondesmornes.forumactif.com/','https://cdn.discordapp.com/attachments/247844852262240256/861601604746739712/Capture_decran_du_2021-07-05_15-31-20.png'),(5,'Les Chroniques d\'Ambrosia','Ambro','https://chroniqueambrosia.forumactif.org','https://cdn.discordapp.com/attachments/247844852262240256/861601575684145202/Capture_decran_du_2021-07-05_15-33-27.png'),(6,'Sub Firmamentum','Sub','http://subfirmamentum.forumactif.com/','https://cdn.discordapp.com/attachments/247844852262240256/861601653941600293/Capture_decran_du_2021-07-05_15-34-31.png'),(7,'DC-Comics Free','DC-Free','http://dc-comis-free.1fr1.net/forum','https://cdn.discordapp.com/attachments/247844852262240256/861601607330037770/Capture_decran_du_2021-07-05_15-35-39.png'),(8,'Les mythes d\'Ysarill','Ysarill','https://les-mythes-d-ysarill.forumsrpg.com/','https://cdn.discordapp.com/attachments/247844852262240256/861601660342501386/Capture_decran_du_2021-07-05_15-31-42.png'),(10,'Haven','Haven','https://soulsofhaven.forumactif.com/','https://cdn.discordapp.com/attachments/247844852262240256/861601558318809098/Capture_decran_du_2021-07-05_15-35-15.png'),(11,'Heaven\'s Anger','Heaven\'s','https://heavensanger.variousforum.com/','https://cdn.discordapp.com/attachments/247844852262240256/861601672681357332/Capture_decran_du_2021-07-05_15-34-52.png'),(12,'D\'un monde ├á l\'autre','DMALA','https://dunmondealautre.forumactif.com/','https://cdn.discordapp.com/attachments/247844852262240256/861601616594206770/Capture_decran_du_2021-07-05_15-34-01.png'),(13,'Archives du Trieur','Archives','none','none'),(14,'Perdi','Perdition','https://perdition3.forumactif.com/','https://i.imgur.com/fQMyYFS.jpg');
/*!40000 ALTER TABLE `forum` ENABLE KEYS */;
UNLOCK TABLES;

--
-- Table structure for table `games`
--

DROP TABLE IF EXISTS `games`;
/*!40101 SET @saved_cs_client     = @@character_set_client */;
/*!50503 SET character_set_client = utf8mb4 */;
CREATE TABLE `games` (
  `id` int(11) NOT NULL AUTO_INCREMENT,
  `link` varchar(255) NOT NULL,
  `name` varchar(255) NOT NULL,
  `forum` int(11) NOT NULL,
  `date` timestamp NOT NULL DEFAULT CURRENT_TIMESTAMP,
  `turn` varchar(255) NOT NULL,
  `maxturn` int(11) NOT NULL,
  `statut` varchar(255) NOT NULL,
  PRIMARY KEY (`id`),
  KEY `forum` (`forum`),
  CONSTRAINT `games_ibfk_1` FOREIGN KEY (`forum`) REFERENCES `forum` (`id`)
) ENGINE=InnoDB AUTO_INCREMENT=722 DEFAULT CHARSET=utf8mb4;
/*!40101 SET character_set_client = @saved_cs_client */;

--
-- Dumping data for table `games`
--

LOCK TABLES `games` WRITE;
/*!40000 ALTER TABLE `games` DISABLE KEYS */;
INSERT INTO `games` VALUES (38,'https://20serneuerung.forumactif.com/t292-les-consequences-d-une-petite-bourde-pv','Les cons├®quences d\'une petite bourde',1,'2021-05-19 11:28:51','1',2,'Archiv├®'),(40,'https://desangetdart.forumactif.com/t378-l-abus-d-alcool-se-fait-avec-moderation-camille#4356','L\'abus d\'alcool se fait avec mod├®ration',3,'2021-07-26 20:08:26','2',2,'Archiv├®'),(41,'https://desangetdart.forumactif.com/t394p15-chat-alors-camille','Chat alors !',3,'2021-07-26 20:08:31','2',2,'Archiv├®'),(42,'https://desangetdart.forumactif.com/t281-therapie-improvisee-armand-et-samuelle','Th├®rapie improvis├®e',3,'2026-03-22 21:30:30','2',2,'En cours'),(43,'https://lesmondesmornes.forumactif.com/t80-reportage-photo-vassili','Reportage photo',4,'2025-12-27 20:39:38','2',2,'En cours'),(44,'https://chroniqueambrosia.forumactif.org/t649-une-trop-longue-journee-everard','Une trop longue journ├®e',5,'2021-06-13 20:11:35','1',2,'Archiv├®'),(46,'https://20serneuerung.forumactif.com/t416-un-pari-pour-toi-et-pour-moi-catalina-et-quincy','Un pari pour toi et pour moi',1,'2021-08-04 20:13:02','3',3,'Archiv├®'),(47,'https://chroniqueambrosia.forumactif.org/t739-le-debut-d-une-gouvernance-pv','Le d├®but d\'une gouvernance',5,'2021-08-07 09:26:13','2',2,'Archiv├®'),(48,'https://chroniqueambrosia.forumactif.org/t738-le-quotidien-d-un-heureux-couple-pv','Le quotidien d\'un heureux couple',5,'2026-04-15 20:35:22','2',2,'En cours'),(49,'https://petitesindecences.forumactif.fr/t829-les-petites-heures-de-la-nuit-mike-wallace','Les petites heures de la nuit',2,'2021-11-13 21:25:07','2',2,'Archiv├®'),(50,'https://chroniqueambrosia.forumactif.org/t746-personne-ne-merite-ce-jobpv','Personne ne m├®rite ce job',5,'2021-07-22 17:45:48','2',2,'Archiv├®'),(51,'https://chroniqueambrosia.forumactif.org/t747-le-loup-serait-il-deja-dans-la-bergerie-pv','Le loup serait-il d├®j├á dans la bergerie ?',5,'2022-06-19 20:39:19','2',2,'Archiv├®'),(55,'https://petitesindecences.forumactif.fr/t706-invitation-a-dejeuner-margaux#9907','Invitation ├á d├®jeuner',2,'2021-11-08 18:40:00','1',2,'Archiv├®'),(56,'https://petitesindecences.forumactif.fr/t434p20-dix-ans-de-soumission-par-plaisir-feat-adam-reeves#9923','Dix ans de soumission',2,'2021-04-23 05:08:44','2',2,'Archiv├®'),(57,'https://petitesindecences.forumactif.fr/t830-urgence-nocturne-mike-milla','Urgence nocturne',2,'2022-04-10 19:54:21','2',2,'Archiv├®'),(59,'https://petitesindeicences.forumactif.fr/t520p20-enfin-seuls-pv#9880','Enfin seuls',2,'2021-04-10 09:26:14','7',0,'En cours'),(60,'https://petitesindecences.forumactif.fr/t504p10-un-taxi-pour-deux-carolina#9892','Un taxi pour deux',2,'2021-06-11 19:23:40','1',2,'Archiv├®'),(61,'https://petitesindecences.forumactif.fr/t875-un-nouveau-chez-soi-pv#bottom','Un nouveau chez soi',2,'2022-06-11 20:51:13','1',2,'Archiv├®'),(63,'https://20serneuerung.forumactif.com/t384p20-tout-ne-se-passe-jamais-bien-pv#5175','Tout ne se passe jamais bien',1,'2021-11-25 19:48:07','2',2,'Archiv├®'),(64,'https://20serneuerung.forumactif.com/t442-donner-des-nouvelles-ce-n-est-pas-la-fin-du-monde-si#5176','Donner des nouvelles, ce n\'est pas la fin du monde',1,'2025-02-16 16:01:37','2',2,'Archiv├®'),(65,'https://petitesindecences.forumactif.fr/t592p10-riley-the-j-quartet-pv#9928','The J Quartet',2,'2021-05-08 22:03:24','1',2,'Archiv├®'),(66,'https://desangetdart.forumactif.com/t268p15-sale-journee-charles#4288','Sale journ├®e',3,'2021-10-22 15:11:24','2',2,'Archiv├®'),(67,'https://20serneuerung.forumactif.com/t462p20-une-servante-en-livraison-anastasia#bottom','Une servante en livraison',1,'2021-05-22 16:34:01','2',2,'Archiv├®'),(68,'https://subfirmamentum.forumactif.com/t195-accuser-le-contrecoup-pv','Accuser le contrecoup',6,'2025-11-12 21:34:35','1',2,'En cours'),(69,'https://subfirmamentum.forumactif.com/t191p15-copine-de-chambree-pv#1993','Copine de chambr├®e',6,'2025-11-12 21:36:09','1',2,'En cours'),(70,'https://subfirmamentum.forumactif.com/t192p15-encore-des-ennuis-pv#1994','Encore des ennuis',6,'2021-07-13 07:04:10','2',2,'Archiv├®'),(71,'https://subfirmamentum.forumactif.com/t194p15-space-cup-cake-non-ce-sont-pas-des-cupcakes-de-l-espace-law#1995','Space cup-cake, non ce sont pas des cupcake de l\'espace',6,'2025-11-12 21:38:54','1',2,'En cours'),(72,'https://desangetdart.forumactif.com/t215p15-desaccord-pv#4292','D├®saccord?',3,'2021-08-03 10:27:50','1',2,'Archiv├®'),(73,'https://desangetdart.forumactif.com/t216p15-l-infant-et-son-sire-pv#4293','L\'infant et son Sire',3,'2022-01-01 18:39:58','1',2,'Archiv├®'),(74,'https://desangetdart.forumactif.com/t280p15-sur-son-territoire-shi#4295','Sur son territoire',3,'2021-07-28 11:39:12','1',2,'Archiv├®'),(75,'https://dc-comis-free.variousforum.com/t1681-essayage-en-perspective-bryce-claira#18855','Essayage en perspective',7,'2021-12-22 20:25:37','2',2,'Archiv├®'),(76,'https://dc-comis-free.variousforum.com/t1672-l-ile-mysterieuse-bryce#18961','L\'├«le myst├®rieuse',7,'2022-02-21 21:04:13','2',2,'Archiv├®'),(77,'https://dc-comis-free.variousforum.com/t1670-le-jeu-de-la-verite-claira-bryce#19015','Le jeu de la v├®rit├®',7,'2023-11-12 08:35:11','2',3,'Archiv├®'),(78,'https://les-mythes-d-ysarill.forumsrpg.com/t153-dernier-hommage-kana#913','Dernier hommage',8,'2022-04-02 18:59:35','2',2,'Archiv├®'),(79,'https://les-mythes-d-ysarill.forumsrpg.com/t126p10-enfin-de-retour-rahir#924','Enfin de retour',8,'2022-01-19 09:20:49','2',2,'Archiv├®'),(80,'https://petitesindecences.forumactif.fr/t466p20-detente-entre-fille-sybelle#10034','Entre filles',2,'2021-04-14 15:30:17','1',2,'Archiv├®'),(81,'https://petitesindecences.forumactif.fr/t660-flashbackla-solitude-c-est-mieux-a-deux#10170','La solitude c\'est mieux ├á deux',2,'2021-09-09 11:17:49','2',2,'Archiv├®'),(82,'https://petitesindecences.forumactif.fr/t855-les-habitudes-freya#9980','Les habitudes',2,'2021-05-20 17:37:53','3',3,'Archiv├®'),(83,'https://petitesindecences.forumactif.fr/t628p10-can-you-paint-with-all-the-colors-of-the-wind-pv#9986','Can you paint with all the colors of the wind',2,'2022-06-19 20:46:24','1',2,'Archiv├®'),(84,'https://petitesindecencesentreamis.fr/viewtopic.php?t=218','Discussions et diner en vue d\'├®change',2,'2024-04-19 18:45:38','4',4,'Archiv├®'),(85,'https://lesmondesmornes.forumactif.com/t84p10-un-tennis-avec-pavel#681','un tennis avec pavel',4,'2022-03-13 09:39:45','2',2,'Archiv├®'),(86,'https://petitesindecences.forumactif.fr/t810-une-commande-gourmande-willow-crews#10050','Une commande gourmande',2,'2021-06-14 17:48:05','1',2,'Archiv├®'),(87,'https://petitesindecences.forumactif.fr/t770-petit-coup-de-main-pv#10018','Petit coup de main',2,'2021-08-29 07:36:50','2',2,'Archiv├®'),(88,'https://les-mythes-d-ysarill.forumsrpg.com/t134p20-je-ne-veux-pas-rentrer-chez-moi-pv#915','Je ne veux pas rentrer chez moi',8,'2021-07-17 17:19:51','1',2,'Archiv├®'),(89,'https://dc-comis-free.variousforum.com/t1572-romanquoi-pv','Romanquoi',7,'2022-01-29 12:27:26','2',2,'Archiv├®'),(90,'https://petitesindecences.forumactif.fr/t722p10-rencontre-infortuite-pv-deirdre#10037','Rencontre infortuite',2,'2021-06-18 05:18:42','2',2,'Archiv├®'),(91,'https://dc-comis-free.variousforum.com/t1700-the-escapist-pv#18948','The escapist',7,'2023-03-30 19:50:17','1',2,'Archiv├®'),(92,'https://dc-comis-free.variousforum.com/t1361p20-bientot-l-aube-clayface#18950','Bientot l\'aube',7,'2022-05-02 20:40:58','1',2,'Archiv├®'),(93,'https://dc-comis-free.variousforum.com/t1286p20-attentat-pv#18953','Attentat',7,'2021-06-26 17:51:39','2',2,'Archiv├®'),(94,'https://dc-comis-free.variousforum.com/t1619-charmant-cet-hotel-pv#18955','Charmant cet h├┤tel',7,'2026-04-15 20:12:56','1',2,'En cours'),(95,'https://dc-comis-free.variousforum.com/t1353p20-une-partie-de-mon-passe-marcus#18957','Une partie de mon pass├®',7,'2025-01-20 20:52:23','1',2,'Archiv├®'),(96,'https://dc-comis-free.variousforum.com/t1375p10-cambriolage-a-reussir-daddy#18962','Cambriolage ├á r├®ussir',7,'2021-08-03 14:34:29','1',2,'Archiv├®'),(97,'https://dc-comis-free.variousforum.com/t1537p20-it-s-a-match-pv#18977','It\'s a match',7,'2021-05-03 19:47:36','2',2,'Archiv├®'),(98,'https://dc-comis-free.variousforum.com/t1540p10-comprendre-ion-knight#18963','Comprendre',7,'2021-07-17 10:07:32','1',2,'Archiv├®'),(99,'https://dc-comis-free.variousforum.com/t1434p10-c-est-un-oiseau-c-est-un-avion-non-c-est-un-mur-et-en-pleine-gueule-pv#18973','C\'est un oiseau! C\'est un avion! Non, c\'est un mur et en pleine gueule',7,'2021-05-03 19:47:30','2',2,'Archiv├®'),(100,'https://dc-comis-free.variousforum.com/t1567p20-parce-que-le-laisser-crever-n-est-pas-une-option-pv#18964','Parce que le laisser crever n\'est pas un option',7,'2022-01-16 14:16:04','1',2,'Archiv├®'),(101,'https://dc-comis-free.variousforum.com/t1501p10-un-nouveau-costume-luis#18965','Un nouveau costume',7,'2022-05-02 20:40:42','2',2,'Archiv├®'),(102,'https://dc-comis-free.variousforum.com/t1498p20-sauver-les-otages-sans-se-sauter-dessus-nightwing#18980','Sauver les otages, sans se sauter dessus',7,'2022-01-01 18:46:40','1',2,'Archiv├®'),(103,'https://dc-comis-free.variousforum.com/t1495p10-back-in-time-pv#18966','Back in time',7,'2024-07-01 10:25:36','1',2,'Archiv├®'),(104,'https://dc-comis-free.variousforum.com/t1697-ah-la-famille-llew#18976','Ah la famille',7,'2023-01-09 12:30:24','1',2,'Archiv├®'),(105,'https://dc-comis-free.variousforum.com/t1629-la-kryptonite-rouge-luis#18967','La kryptonite rouge',7,'2026-04-15 20:12:50','1',2,'En cours'),(106,'https://dc-comis-free.variousforum.com/t1701-premiere-resurgence-pv#18968','Premi├¿re r├®surgence',7,'2021-11-27 18:40:04','1',2,'Archiv├®'),(107,'https://dc-comis-free.variousforum.com/t1364p20-le-premier-d-une-longue-serie-pv#18970','Le premier d\'une longue s├®rie',7,'2021-05-23 14:40:41','1',2,'Archiv├®'),(108,'https://dc-comis-free.variousforum.com/t1430p10-mais-tu-es-qui-superboy#18974','Mais tu es qui?',7,'2022-01-02 19:40:49','2',2,'Archiv├®'),(109,'https://dc-comis-free.variousforum.com/t1702-deja-une-reconversion-pv#18971','D├®ja une reconversion',7,'2024-07-01 10:05:42','1',2,'Archiv├®'),(110,'https://dc-comis-free.variousforum.com/t1404p10-c-est-dur-d-etre-un-vrai-dieu-pv#18972','C\'est dur d\'├¬tre un vrai dieu',7,'2021-05-03 19:48:43','2',2,'Archiv├®'),(112,'https://dc-comis-free.variousforum.com/t1494p10-faire-connaissance-pv#18979','Faire connaissance',7,'2021-07-25 18:58:52','1',2,'Archiv├®'),(113,'https://dc-comis-free.variousforum.com/t1400p50-debout-super-boy#18975','Debout?',7,'2021-04-10 18:58:41','7',0,'En cours'),(114,'https://dc-comis-free.variousforum.com/t1541p10-petit-soucis-lucciano#18981','Petit soucis ...',7,'2021-05-23 20:30:14','2',2,'Archiv├®'),(115,'https://dc-comis-free.variousforum.com/t1600p10-serment-d-hypocrite-pv-mera#18990','Serment d\'hypocrite',7,'2021-05-03 19:11:44','1',1,'Archiv├®'),(116,'https://dc-comis-free.variousforum.com/t1547-c-est-la-que-tu-chantes-liberee-delivree-non-pv','C\'est l├á que tu chantes, lib├®r├®e d├®livr├®e',7,'2021-04-24 06:21:30','1',2,'Archiv├®'),(117,'https://20serneuerung.forumactif.com/t475-un-brunch-mal-evite-alexandra#5225','Un brunch mal ├®vit├®',1,'2023-05-27 15:37:24','2',2,'Archiv├®'),(118,'https://20serneuerung.forumactif.com/t310p30-fascination-artistique-entre-autres-choses-abigail#5270','Fascination artistique',1,'2022-01-17 17:40:43','2',2,'Archiv├®'),(119,'https://chroniqueambrosia.forumactif.org/t741-chapitre-10-maladie-infantile-tardive-nemrod#19395','Chapitre 10: maladie infantile',5,'2022-01-13 14:48:58','2',2,'Archiv├®'),(120,'https://chroniqueambrosia.forumactif.org/t736-les-premiers-pas-de-judicael-de-fort-aberhavre#19398','Les premiers pas de Judica├½l de Fort Aberhavre',5,'2023-08-28 19:23:27','1',2,'Archiv├®'),(121,'https://chroniqueambrosia.forumactif.org/t691-le-temps-passe-emily-se-tient-sage-nemrod#19394','Le temps passe, Emily se tient sage',5,'2021-08-04 19:44:44','1',2,'Archiv├®'),(122,'https://desangetdart.forumactif.com/t185-travail-nocturne-pv','Travail nocturne',3,'2021-05-18 19:41:47','2',2,'Archiv├®'),(124,'https://20serneuerung.forumactif.com/t454-une-partie-de-carte-louve#5230','Une partie de carte',1,'2024-02-18 07:31:28','1',2,'Archiv├®'),(125,'https://dc-comis-free.variousforum.com/t1539p10-twilight-en-mieux-skylar#19004','Twilight mais en mieux',7,'2021-10-29 17:16:19','1',2,'Archiv├®'),(126,'https://desangetdart.forumactif.com/t400-petite-lecon-lacustrepv#4344','Petite le├ºon lacustre',3,'2023-05-22 20:30:02','1',2,'Archiv├®'),(127,'https://desangetdart.forumactif.com/t254p15-il-me-faut-un-philosophe-micajah-maitland#4345','Il me faut un philosophe',3,'2021-05-02 12:17:55','1',2,'Archiv├®'),(128,'https://desangetdart.forumactif.com/t207p15-voyage-en-famille-pv#4343','Voyage en famille',3,'2021-12-31 12:35:38','1',2,'Archiv├®'),(129,'https://dc-comis-free.variousforum.com/t1643p40-reveil-en-douceur-silas#bottom','R├®veil en...douceur?',7,'2026-04-15 20:12:41','1',2,'En cours'),(130,'https://20serneuerung.forumactif.com/t384p20-tout-ne-se-passe-jamais-bien-pv#5175','Tout ne se passe jamais bien',1,'2021-04-11 08:00:20','7',0,'En cours'),(131,'https://desangetdart.forumactif.com/t390-faisons-donc-un-pacte-pv','Faisons donc un pacte',3,'2024-10-03 16:16:44','2',2,'Archiv├®'),(132,'https://petitesindecences.forumactif.fr/t569-tomber-chez-joshua','Tomber chez Joshua',2,'2021-06-04 19:37:09','2',2,'Archiv├®'),(133,'https://petitesindecences.forumactif.fr/t862-journaliste-cherche-photographe-urgent-pv','Journaliste cherche photographe; urgent !',2,'2022-04-20 05:05:19','1',2,'Archiv├®'),(134,'https://chroniqueambrosia.forumactif.org/t750-vin-d-honneur-daphnee#19423','Vin d\'honneur',5,'2024-08-19 10:34:08','2',2,'En cours'),(135,'https://petitesindecencesentreamis.fr/viewtopic.php?t=283','Quand Shopping rime avec cauchemar',2,'2026-02-25 20:59:22','2',2,'En cours'),(137,'https://petitesindecences.forumactif.fr/t663-une-soiree-entre-amis-vraiment-pv','Une soir├®e entre amis, vraiment ?',2,'2021-04-11 20:44:04','2',2,'Archiv├®'),(138,'https://petitesindecences.forumactif.fr/t806-tie-you-to-me-breathe-youin-andrew','Tie you to me, breath you in',2,'2021-06-13 20:26:41','2',2,'Archiv├®'),(139,'https://petitesindecences.forumactif.fr/t435p20-soiree-gala-et-rencontre-feat-mike-wallace','Soir├®e gala et rencontre',2,'2021-05-05 20:56:10','2',2,'Archiv├®'),(140,'https://petitesindecences.forumactif.fr/t436p20-possession-humaine-pv','Possession humaine',2,'2021-11-13 21:25:10','2',2,'Archiv├®'),(141,'https://petitesindecences.forumactif.fr/t521p20-confidences-mallory-michaelson-mike-wallace','Confidences',2,'2021-06-28 19:08:58','3',3,'Archiv├®'),(142,'https://petitesindecences.forumactif.fr/t376p20-rencontre-du-passe-mike','Rencontre du pass├®',2,'2021-08-07 09:29:09','2',2,'Archiv├®'),(143,'https://petitesindecences.forumactif.fr/t724p10-not-a-match-but-sort-of-pv','Not a match, but sort of',2,'2022-03-26 07:58:52','2',2,'Archiv├®'),(144,'https://petitesindecences.forumactif.fr/t543p30-une-petite-esclave-docile-et-maladroite-drew#9492','Une petite esclave docile',2,'2021-05-05 20:31:55','2',2,'Archiv├®'),(145,'https://petitesindecences.forumactif.fr/t725-le-dixieme-homme-pv','Le dixi├¿me homme',2,'2021-06-13 20:48:20','2',2,'Archiv├®'),(146,'https://petitesindecences.forumactif.fr/t661p10-visite-surprise-qui-fait-plaisir-irvin-sybelle','Visite surprise qui fait plaisir',2,'2022-02-20 20:19:58','2',2,'Archiv├®'),(147,'https://petitesindecences.forumactif.fr/t524p10-une-nuit-torride-avec-un-quinqua-pv-anton','Une nuit torride avec un quinqua',2,'2021-07-17 21:27:30','2',2,'Archiv├®'),(148,'https://petitesindecences.forumactif.fr/t716-un-voyage-sous-le-signe-du-fouet-pv','Un voyage sous le signe du fouet',2,'2021-04-11 20:44:10','2',2,'Archiv├®'),(149,'https://petitesindecences.forumactif.fr/t766-anton-aux-bords-de-l-ocean','Aux bords de l\'oc├®an',2,'2022-01-05 21:40:30','2',2,'Archiv├®'),(150,'https://petitesindecencesentreamis.fr/viewtopic.php?p=1111#p1111','Ironie du sort ?',2,'2022-12-02 18:16:24','2',2,'Archiv├®'),(151,'https://petitesindecences.forumactif.fr/t143p30-parfois-on-gagne-et-parfois-on-perd-pv','Parfois on gagne, parfois on perd',2,'2021-11-19 18:12:57','2',2,'Archiv├®'),(152,'https://petitesindecences.forumactif.fr/t859-one-last-chance-feat-niels-murphy','One last chance',2,'2021-07-03 06:14:18','2',2,'Archiv├®'),(153,'https://petitesindecences.forumactif.fr/t539p10-sauver-des-miches-inconnues-pv#10377https://petitesindecences.forumactif.fr/t539p10-sauver-des-miches-inconnues-pv','Sauver des miches inconnues',2,'2021-08-21 07:32:12','1',2,'Archiv├®'),(154,'https://petitesindecences.forumactif.fr/t325-deux-ans-quand-meme-niels','Deux ans quand m├¬me',2,'2021-05-05 20:37:14','2',2,'Archiv├®'),(155,'https://petitesindecencesentreamis.fr/viewtopic.php?p=1031#p1031','Frappe fort ! Frappe vite ! Frappe le premier !',2,'2026-07-16 13:57:23','2',2,'En cours'),(156,'https://petitesindecencesentreamis.fr/viewtopic.php?p=945#p945','Week end',2,'2026-03-22 21:30:20','2',2,'En cours'),(157,'https://petitesindecences.forumactif.fr/t401p20-association-de-pas-malfaiteurspv','Association de pas-malfaiteur',2,'2021-07-10 04:45:39','2',2,'Archiv├®'),(158,'https://petitesindecences.forumactif.fr/t400p20-les-douze-travaux-d-alistair-pv','Les douze travaux d\'Alistair',2,'2021-08-02 20:33:07','1',2,'Archiv├®'),(159,'https://petitesindecences.forumactif.fr/t315-le-martyre-de-saint-andre-pv','Le martyr de Saint-Andr├®',2,'2022-02-01 17:42:51','1',2,'Archiv├®'),(160,'https://petitesindecencesentreamis.fr/viewtopic.php?t=125','Week-end romantique',2,'2026-02-15 17:46:03','1',2,'En cours'),(161,'https://petitesindecences.forumactif.fr/t537-7-putain-de-jours-jonas','7 putains de jour',2,'2022-03-17 21:47:16','2',2,'Archiv├®'),(162,'https://petitesindecences.forumactif.fr/t877-cohabitation-jed','Cohabitation',2,'2022-04-18 18:50:30','1',2,'Archiv├®'),(163,'https://petitesindecences.forumactif.fr/t789-soiree-a-deux-zayed','Soir├®e ├á deux',2,'2021-10-24 12:41:19','1',2,'Archiv├®'),(164,'https://petitesindecences.forumactif.fr/t881-ecarter-l-homme-pour-ne-laisser-que-le-maitrepv','Ecarter l\'homme pour ne laisser que le maitre',2,'2021-08-10 21:38:38','2',2,'Archiv├®'),(165,'https://20serneuerung.forumactif.com/t476-premiere-rencontre-angelica-wilhelm#5279','Premi├¿re rencontre',1,'2026-07-16 14:06:47','2',2,'En cours'),(166,'https://chroniqueambrosia.forumactif.org/t596p20-esperons-que-tout-soit-parfait-daphnee-et-nemrod#19424','Esp├®rons que tout soit parfait',5,'2021-10-30 12:37:27','2',2,'Archiv├®'),(167,'https://20serneuerung.forumactif.com/t420-intrusion-vraiment-malvenue-pv','Intrusion vraiment malvenue ?',1,'2026-07-16 14:06:43','2',2,'En cours'),(168,'https://20serneuerung.forumactif.com/t421-reconciliation-sur-l-oreiller-ou-nouvelle-dispute-pv','R├®conciliation sur l\'oreiller ou nouvelle dispute',1,'2026-07-16 14:06:50','2',2,'En cours'),(169,'https://chroniqueambrosia.forumactif.org/t737-se-voir-a-la-volee-pv','Se voir ├á la vol├®e',5,'2022-08-26 07:48:06','2',2,'Archiv├®'),(170,'https://chroniqueambrosia.forumactif.org/t742-chapitre-11-prise-de-poste-everard','Chapitre 11: Prise de poste',5,'2021-07-21 16:52:18','2',2,'Archiv├®'),(171,'https://desangetdart.forumactif.com/t403-poussiere-tu-retourneras-poussiere-aziz#4387','Poussi├¿re tu retourneras poussi├¿re',3,'2021-10-12 17:26:08','1',2,'Archiv├®'),(172,'https://desangetdart.forumactif.com/t404-nous-ne-sommes-rien-face-a-l-univers','Nous ne sommes rien face ├á l\'univers',3,'2022-01-21 15:21:23','1',2,'Archiv├®'),(173,'https://desangetdart.forumactif.com/t164p30-une-soiree-a-l-opera-lucius','Une soir├®e ├á l\'op├®ra',3,'2021-11-07 08:35:05','1',2,'Archiv├®'),(174,'https://desangetdart.forumactif.com/t309-livraison-a-domicile','Livraison ├á domicile',3,'2021-08-02 19:41:05','2',2,'Archiv├®'),(175,'https://les-mythes-d-ysarill.forumsrpg.com/t155-tu-es-en-retard-un-millier-de-plates-excuses-o-patient-seigneur-pv#933','\"Vous ├¬tes en retard! - Un millier de plates excuses ├┤ patient seigneur!\"',8,'2023-04-24 06:08:38','2',2,'Archiv├®'),(176,'https://chroniqueambrosia.forumactif.org/t754-paf-pv','Paf',5,'2026-04-15 20:35:15','2',2,'En cours'),(177,'https://chroniqueambrosia.forumactif.org/t752-mise-en-gardepv','Mise en garde',5,'2021-07-11 08:48:46','2',2,'Archiv├®'),(178,'https://chroniqueambrosia.forumactif.org/t743-conventions-premaritales-pv','Convention pr├®maritale',5,'2021-05-12 14:36:48','4',0,'Archiv├®'),(179,'https://chroniqueambrosia.forumactif.org/t647p20-chapitre-09-une-fin-de-journee-difficile','Chapitre 09: une fin de journ├®e difficile',5,'2026-04-15 20:35:25','2',2,'En cours'),(180,'https://petitesindecences.forumactif.fr/t749-premier-vrai-rendez-vous-pv','Premier vrai rendez-vous',2,'2022-06-24 19:45:08','2',2,'Archiv├®'),(181,'https://dc-comis-free.variousforum.com/t1625-training-ground-pv','Training ground',7,'2021-05-09 19:14:27','1',2,'Archiv├®'),(182,'https://petitesindecences.forumactif.fr/t868-rendez-vous-au-musee-ft-joe-forester-jr','Rendez-vous au mus├®e',2,'2021-07-05 20:20:14','2',2,'Archiv├®'),(183,'https://petitesindecences.forumactif.fr/t683-un-train-nomme-desir-joe','Un train nomm├® d├®sir',2,'2021-09-09 16:18:38','1',2,'Archiv├®'),(184,'https://petitesindecences.forumactif.fr/t757-brunching-time-ivy','Brunching time',2,'2022-01-08 14:54:02','1',2,'Archiv├®'),(185,'https://petitesindecences.forumactif.fr/t655-fish-and-chips-lenny','Fish and Chips',2,'2021-07-13 17:29:39','2',2,'Archiv├®'),(186,'https://petitesindecences.forumactif.fr/t532-reveil-apres-une-nuit-agitee-pv','R├®veil apr├¿s une nuit agit├®e',2,'2021-06-08 05:57:12','1',2,'Archiv├®'),(187,'https://petitesindecences.forumactif.fr/t392-admettre-un-plaisir-coupable-pv','Admettre un plaisir coupable',2,'2021-08-14 09:32:28','1',2,'Archiv├®'),(188,'https://desangetdart.forumactif.com/t398-la-bienveillance-ouai-nephaliane#4396','Bienveillance, ouai',3,'2022-01-27 13:27:57','1',2,'Archiv├®'),(189,'https://desangetdart.forumactif.com/t391-initiation-nephaliane#4397','Initiation',3,'2022-05-12 12:31:58','2',2,'Archiv├®'),(190,'https://petitesindecences.forumactif.fr/t855-les-habitudes-freya#9980','Les habitudes',2,'2021-04-16 19:23:49','7',0,'En cours'),(191,'https://soulsofhaven.forumactif.com/t291-inspection-dans-le-detail-et-en-profondeur-pv','Inspection dans le d├®tail et en profondeur',10,'2026-04-15 20:36:12','2',2,'En cours'),(192,'https://soulsofhaven.forumactif.com/t280-comme-une-putain-de-babylone-samael','Comme une putain de Babylonie',10,'2026-04-15 20:35:54','2',2,'En cours'),(193,'https://soulsofhaven.forumactif.com/t37-l-aube-d-une-nouvelle-nuit-pv','L\'aube d\'une nouvelle nuit',10,'2021-07-20 08:15:42','2',2,'Archiv├®'),(194,'https://soulsofhaven.forumactif.com/t110-this-is-not-a-tentacle-rape-pv','It\'s not a tentacle rape',10,'2021-06-22 19:08:05','1',2,'Archiv├®'),(195,'https://soulsofhaven.forumactif.com/t195-une-demande-particuliere-pv','Une demande particuli├¿re',10,'2021-07-20 07:23:56','2',2,'Archiv├®'),(196,'https://soulsofhaven.forumactif.com/t259-faire-un-effort-c-est-un-peu-le-minimum','Faire un effort c\'est un peu le minimum',10,'2026-04-15 20:35:52','2',2,'En cours'),(197,'https://soulsofhaven.forumactif.com/t176-l-ignorance-est-le-meilleur-des-mepris-marcus','L\'ignorance est le meilleur des m├®pris',10,'2021-06-22 20:01:28','1',2,'Archiv├®'),(198,'https://dc-comis-free.variousforum.com/t1711-vivre-ensemble-pv','Vivre ensemble',7,'2026-04-15 20:12:46','2',2,'En cours'),(199,'https://petitesindecences.forumactif.fr/t886-into-the-unknown-irvin','Into the unknown',2,'2021-05-15 23:07:09','2',2,'Archiv├®'),(200,'https://petitesindecences.forumactif.fr/t887-when-she-ll-be-mine-pv','When she\'ll be mine',2,'2021-07-02 20:24:40','2',2,'Archiv├®'),(201,'https://20serneuerung.forumactif.com/t446-kirill-katya','ðÆðÀð│ð╗ÐÅð┤ ð╗ÐâÐçÐêðÁ ð¥ð┐ÐâÐüÐéð©ÐéÐî',1,'2023-05-03 11:54:49','2',2,'Archiv├®'),(202,'https://desangetdart.forumactif.com/t386-pour-feter-notre-rencontre-il-faut-ce-qu-il-faut','Pour f├¬ter notre rencontre, il faut ce qu\'il faut',3,'2024-02-13 22:07:15','2',2,'Archiv├®'),(203,'https://20serneuerung.forumactif.com/t319-dimanche-a-la-campagne-mon-frere','Dimanche ├á la campagne',1,'2021-09-20 20:47:41','2',2,'Archiv├®'),(204,'https://petitesindecences.forumactif.fr/t566-cadeau-d-anniversaire-de-mariage-arslan-et-sonja','Cadeau d\'anniversaire de mariage',2,'2021-05-23 20:59:39','2',3,'Archiv├®'),(205,'https://petitesindecencesentreamis.fr/viewtopic.php?p=1341#p1341','Renaissance',2,'2023-04-07 20:03:22','2',2,'Archiv├®'),(206,'https://dc-comis-free.variousforum.com/t1401p10-alliance-inter-planetaire-pv#19106','Alliance interplan├®taire',7,'2021-09-26 19:28:22','2',2,'Archiv├®'),(207,'https://heavensanger.variousforum.com/t490-provocations-et-reactions-pv','Provocations et r├®actions',11,'2024-07-23 11:44:12','2',2,'En cours'),(208,'https://20serneuerung.forumactif.com/t440-la-princesse-et-la-putain-liesel-jeanne#5297','La princesse et la putain',1,'2021-08-09 20:20:24','2',2,'Archiv├®'),(209,'https://petitesindecences.forumactif.fr/t369p20-bonjour-papa-tu-te-souviens-de-moi-pv#10579','Bonjour Papa, tu te souviens de moi? ',2,'2021-10-22 17:46:36','2',2,'Archiv├®'),(210,'https://desangetdart.forumactif.com/t306-decision-quentin','D├®cision !',3,'2021-05-19 18:58:14','1',2,'Archiv├®'),(211,'https://desangetdart.forumactif.com/t332-de-petites-questions-kuan-yin-zhao','De petites questions',3,'2023-03-02 11:25:08','1',2,'Archiv├®'),(213,'https://dc-comis-free.variousforum.com/t1714-le-retour-d-une-reine-aquaman#19141','Le retour d\'une reine',7,'2022-03-13 16:48:05','1',2,'Archiv├®'),(214,'https://20serneuerung.forumactif.com/t397-nuit-a-bord-alexandra-et-wilhelm','Nuit ├á bord',1,'2023-06-10 06:28:15','3',3,'Archiv├®'),(215,'https://20serneuerung.forumactif.com/t439-week-end-valere','Week end',1,'2026-04-15 20:35:36','2',2,'En cours'),(216,'https://20serneuerung.forumactif.com/t456-halte-controle-il-ne-manque-plus-que-le-suppr-pv','Halte, controle, il ne manque plus que le suppr\r\n',1,'2021-07-28 12:24:37','2',2,'Archiv├®'),(217,'https://20serneuerung.forumactif.com/t376-sonate-trompe-l-ennui-pv-kirill','Sonate trompe l\'ennui',1,'2021-04-28 07:10:19','2',2,'Archiv├®'),(218,'https://20serneuerung.forumactif.com/t390-jamais-deux-sans-trois-n-est-ce-pas-pv','Jamais deux sans trois, n\'est-ce pas ?',1,'2021-04-28 07:10:20','3',3,'Archiv├®'),(219,'https://desangetdart.forumactif.com/t405-la-suite-des-choses-anthony#4427','La suite des choses',3,'2022-04-20 18:31:05','2',2,'Archiv├®'),(220,'https://petitesindecences.forumactif.fr/t896-love-is-a-losing-game-joe-zara','Love is a loosing game',2,'2021-07-18 20:10:05','1',2,'Archiv├®'),(221,'https://dc-comis-free.variousforum.com/t1661-la-fifille-a-son-papa-pv-vandal','La fifille ├á son papa',7,'2022-01-16 13:39:30','2',2,'Archiv├®'),(222,'https://dc-comis-free.variousforum.com/t1373-le-retour-de-la-momie-pv','Le retour de la momie',7,'2022-03-23 18:40:06','2',2,'Archiv├®'),(223,'https://dc-comis-free.variousforum.com/t1301-flashback-echouer-jamais-pv','Echouer ? Jamais !',7,'2021-05-03 18:55:34','1',2,'Termin├®'),(224,'https://dc-comis-free.variousforum.com/t1626-payback-time-ft-batman-thomas','Payback time',7,'2021-07-10 11:26:52','1',2,'Archiv├®'),(225,'https://dc-comis-free.variousforum.com/t1554-une-nouvelle-etape-de-notre-histoire-pv','Une nouvelle ├®tape de notre histoire',7,'2022-01-16 13:38:19','2',2,'Archiv├®'),(226,'https://dc-comis-free.variousforum.com/t1703-le-temps-est-une-notion-floue-l-espace-aussi-pv','Le temps est une notion floue et l\'espace aussi',7,'2022-02-21 20:21:24','2',2,'Archiv├®'),(227,'https://dc-comis-free.variousforum.com/t1569-la-colocation-de-l-enfer-pv','La colocation de l\'enfer',7,'2022-01-16 13:49:17','2',2,'Archiv├®'),(228,'https://dc-comis-free.variousforum.com/t1654-besoin-d-un-consultant-pv','Besoin d\'un consultant',7,'2021-12-01 21:56:41','2',2,'Archiv├®'),(229,'https://dc-comis-free.variousforum.com/t1671-les-iles-jumelles-wonder-woman','Les iles jumelles',7,'2021-06-06 19:50:20','2',2,'Archiv├®'),(230,'https://dc-comis-free.variousforum.com/t1717-flashback-lacher-prise#19193','Lacher prise',7,'2022-02-20 19:51:26','2',2,'Archiv├®'),(231,'https://dc-comis-free.variousforum.com/t1669-flashback-le-complexe-du-survivant-claira','Le complexe du survivant',7,'2023-06-07 19:05:28','2',2,'Archiv├®'),(232,'https://dc-comis-free.variousforum.com/t1354p20-tout-n-est-jamais-qu-une-question-de-volonte-pv','Tout n\'est jamais qu\'une question de volont├®',7,'2022-03-31 18:39:07','2',2,'Archiv├®'),(234,'https://dc-comis-free.variousforum.com/t1620-il-est-temps-d-avoir-ta-dose-pv','Il est temps d\'avoir ta dose',7,'2022-03-31 17:57:16','2',2,'Archiv├®'),(235,'https://dc-comis-free.variousforum.com/t1236p20-les-petites-lignes-en-bas-du-contrat-pv','Les petites lignes en bas du contrat',7,'2021-05-03 19:36:19','2',2,'Archiv├®'),(236,'https://dc-comis-free.variousforum.com/t1718-desole-de-rentrer-si-tardpv','D├®sol├® de rentrer si tard',7,'2022-08-03 21:15:29','2',2,'Archiv├®'),(237,'https://dc-comis-free.variousforum.com/t1568-titans-let-s-go-pv','Titans, Let\'s go !',7,'2022-05-26 19:59:56','3',4,'Archiv├®'),(238,'https://dc-comis-free.variousforum.com/t1434p10-c-est-un-oiseau-c-est-un-avion-non-c-est-un-mur-et-en-pleine-gueule-pv#19206','C\'est un oiseau ! C\'est un avion ! Non c\'est un mur ! Et en pleine gueule !',7,'2021-05-03 19:45:39','1',2,'Termin├®'),(239,'https://petitesindecences.forumactif.fr/t900-sortie-sous-surveillancepv','Sortie sous surveillance',2,'2022-06-29 05:20:42','1',2,'Archiv├®'),(240,'https://petitesindecences.forumactif.fr/t553-soiree-entre-amis-arslan','Soir├®e entre amis',2,'2022-03-10 06:12:38','2',2,'Archiv├®'),(241,'https://petitesindecences.forumactif.fr/t520-enfin-seuls-pv','Enfin seuls',2,'2021-10-21 17:07:44','2',2,'Archiv├®'),(242,'https://petitesindecencesentreamis.fr/viewtopic.php?t=161','Bonne soir├®e, et plus si affinit├®',2,'2023-09-26 06:19:33','2',2,'Archiv├®'),(243,'https://petitesindecences.forumactif.fr/t854-un-agreable-debut-de-soiree-ft-cameron-jordan','Un agr├®able d├®but de soir├®e',2,'2021-06-28 19:09:00','2',2,'Archiv├®'),(244,'https://chroniqueambrosia.forumactif.org/t756-les-fiances-raimond#19475','Les fianc├®s',5,'2026-04-15 20:35:57','1',2,'En cours'),(245,'https://dc-comis-free.variousforum.com/t1719-rendez-vous-professionnel-joseph','Rendez-vous professionnel',7,'2021-08-03 18:30:59','2',2,'Archiv├®'),(246,'https://dc-comis-free.variousforum.com/t1400-debout-super-boy','Debout ?',7,'2021-05-19 19:58:52','1',2,'Archiv├®'),(247,'https://dc-comis-free.variousforum.com/t1720-qui-sauve-qui-craig#19245','Qui sauves qui? ',7,'2021-06-05 13:00:48','1',2,'Archiv├®'),(248,'https://20serneuerung.forumactif.com/t386-rencontre-taikan','Rencontre',1,'2021-06-23 16:50:19','1',2,'Archiv├®'),(249,'https://petitesindecences.forumactif.fr/t906-dressagepv','Dressage',2,'2021-11-13 21:25:08','2',3,'Archiv├®'),(250,'https://petitesindecences.forumactif.fr/t907-retrouvailles-impromptuespv','Retrouvailles impromptues',2,'2022-07-06 19:17:26','2',2,'Archiv├®'),(251,'https://petitesindecences.forumactif.fr/t908-le-mentor-du-defunt-mari-jonas#10929','Le mentor du d├®funt mari',2,'2022-07-05 21:22:50','1',2,'Archiv├®'),(252,'https://petitesindecences.forumactif.fr/t914-aller-de-charybde-en-scylla-alex-morgan','Aller de Charybde en Scylla',2,'2022-06-14 12:03:51','2',2,'Archiv├®'),(253,'https://heavensanger.variousforum.com/t539-remise-en-question-renan','Remise en question',11,'2025-12-29 09:02:03','2',2,'En cours'),(254,'https://heavensanger.variousforum.com/t556-les-andes-periples-a-deux-rocka','P├®riple ├á deux',11,'2021-07-30 13:52:00','1',2,'Archiv├®'),(255,'https://dunmondealautre.forumactif.com/t10-01-un-debut-difficile-mais-ca-va-sameliorer-enfin-on-verra-ce-quon-peut-faire','Des d├®buts difficile mais ├ºa va s\'am├®liore. Enfin, on verra !',12,'2025-12-27 20:40:33','2',2,'En cours'),(256,'https://dunmondealautre.forumactif.com/t12-01-ecrits-licencieux-sous-licence-philosophique','Ecrits licencieux sous license philosophique',12,'2025-12-27 20:40:30','2',2,'En cours'),(257,'https://desangetdart.forumactif.com/t396-petite-anemie-raphael','Une petite an├®mie',3,'2021-10-24 08:20:53','2',2,'Archiv├®'),(258,'https://20serneuerung.forumactif.com/t488-un-mal-terrible-wil#5379','Un mal terrible',1,'2021-12-27 20:24:24','1',2,'Archiv├®'),(259,'https://dc-comis-free.variousforum.com/t1723-prise-d-otage-pv','Prise d\'otage',7,'2026-03-22 21:30:11','2',2,'En cours'),(260,'https://petitesindecences.forumactif.fr/t917-debutante-ou-auteur-a-succes-sous-couverture-pv','D├®butante ou auteur ├á succ├¿s sous couverture ?',2,'2021-09-05 18:19:45','2',2,'Archiv├®'),(261,'https://dc-comis-free.variousforum.com/t1724-l-enfant-trilov#19279','L\'enfant',7,'2021-09-26 05:42:21','2',2,'Archiv├®'),(262,'https://dc-comis-free.variousforum.com/t1725-l-avenir-kryptonien-est-compromis-sohor#19284','L\'avenir kryptonien est compromis',7,'2021-09-04 12:21:58','2',2,'Archiv├®'),(263,'https://dc-comis-free.variousforum.com/t1726-un-petit-oups-lucciano#19294','Un petit oups',7,'2022-08-04 16:09:02','1',2,'Archiv├®'),(264,'https://petitesindecencesentreamis.fr/viewtopic.php?t=215','C\'est donc un rencard avec Julian',2,'2026-05-23 18:48:44','1',2,'En cours'),(265,'https://desangetdart.forumactif.com/t406-sainte-foy-l-argentiere-emmenagement','Emm├®nagement',3,'2021-10-27 17:56:40','2',2,'Archiv├®'),(266,'https://petitesindecences.forumactif.fr/t925-la-cour-des-grands-cameron#11165','La cour des grands',2,'2021-09-22 15:48:19','2',2,'Archiv├®'),(267,'https://petitesindecences.forumactif.fr/t927-rentrez-nathan#11180','Rentrez',2,'2021-08-15 18:15:58','2',2,'Archiv├®'),(268,'https://dc-comis-free.variousforum.com/t1731-fighting-moodpv','Fighting mood',7,'2021-11-09 21:12:57','1',2,'Archiv├®'),(269,'https://petitesindecences.forumactif.fr/t937-nouveau-depart-nouvelle-experience-pema-eastman#11306','Nouveau d├®part, nouvelle exp├®rience',2,'2021-09-08 04:14:44','2',2,'Archiv├®'),(270,'https://petitesindecences.forumactif.fr/t938-rencontre-minami#11307','Rencontre',2,'2022-04-25 19:05:19','2',2,'Archiv├®'),(271,'https://petitesindecences.forumactif.fr/t939-teqpafpv#11314','TeqPAF[Pv]',2,'2021-09-24 20:24:42','2',2,'Archiv├®'),(272,'https://petitesindecences.forumactif.fr/t942-vers-mon-sauveur-pv-arslan','Vers mon sauveur',2,'2022-04-13 18:58:58','2',2,'Archiv├®'),(273,'https://chroniqueambrosia.forumactif.org/t688-malaise-age-avance-inquietude','Malaise+age avanc├® = inquietude',5,'2021-08-31 18:57:46','2',2,'Archiv├®'),(274,'https://chroniqueambrosia.forumactif.org/t758-le-jour-tant-attendu-pv','Le jour tant attendu',5,'2023-04-15 18:46:21','2',2,'Archiv├®'),(275,'https://chroniqueambrosia.forumactif.org/t683p20-une-course-pour-un-trophe-obscure-pv-valerian-d-andressy#19580','Une course pour un troph├® obscur',5,'2021-08-26 20:09:49','1',2,'Archiv├®'),(276,'https://dc-comis-free.variousforum.com/t1732-un-remede-douce-plaisanterie-malcolm#19437','Un rem├¿de, douce plaisanterie',7,'2021-12-08 20:13:48','1',2,'Archiv├®'),(277,'https://petitesindecences.forumactif.fr/t950-sortir-le-grand-jeu-pema#11493','Sortir le grand jeu',2,'2021-09-30 04:48:01','2',2,'Archiv├®'),(278,'https://petitesindecences.forumactif.fr/t954-le-pacte-avec-le-diable-xiong#11537','Le pacte avec le diable',2,'2022-06-26 21:41:03','1',2,'Archiv├®'),(279,'https://petitesindecences.forumactif.fr/t958-probleme-de-tuyauterie-amalaric#11661','Probl├¿me de tuyauterie',2,'2021-07-02 22:28:03','2',2,'Archiv├®'),(280,'https://20serneuerung.forumactif.com/t490-ma-curiosite-est-un-charmant-defaut-anglica#5484','Ma curiosit├® est un charmant d├®faut',1,'2021-12-21 20:30:11','2',2,'Archiv├®'),(281,'https://subfirmamentum.forumactif.com/t196-reprendre-vie-jo#2014','Reprendre vie',6,'2026-01-01 20:31:51','1',2,'En cours'),(282,'https://soulsofhaven.forumactif.com/t303-massacres-et-douceurs-marcus#3370','Massacres et douceurs',10,'2024-10-11 16:47:20','1',2,'Archiv├®'),(283,'https://heavensanger.variousforum.com/t561-escape-games-pv','Escape games',11,'2025-03-31 18:16:36','2',2,'En cours'),(284,'https://petitesindecences.forumactif.fr/t961-france-erotisme-voyage-travail-vacances-et-tout-ca-entre-amis-n-est-ce-pas-pv#11775','├ërotisme, voyage, travail, vacances, et tout ├ºa entre amis n\'est-ce pas ?',2,'2021-07-09 12:40:05','3',0,'En cours'),(285,'https://petitesindecences.forumactif.fr/t961-france-erotisme-voyage-travail-vacances-et-tout-ca-entre-amis-n-est-ce-pas-pv',' ├ërotisme, voyage, travail, vacances, et tout ├ºa entre amis n\'est-ce pas ?[Pv]',2,'2021-09-23 19:25:31','2',2,'Archiv├®'),(286,'https://petitesindecences.forumactif.fr/t961-france-erotisme-voyage-travail-vacances-et-tout-ca-entre-amis-n-est-ce-pas-pv','├ërotisme, voyage, travail, vacances, et tout ├ºa entre amis n\'est-ce pas ?',2,'2021-07-09 12:42:32','3',0,'En cours'),(287,'https://chroniqueambrosia.forumactif.org/t708-l-heure-du-the-jason#19647','L\'heure du th├®',5,'2022-02-22 21:54:59','2',2,'Archiv├®'),(288,'https://dc-comis-free.variousforum.com/t881-dresser-la-chienne-policiere-pv','Dresser la chienne polici├¿re',7,'2026-06-07 18:52:05','2',2,'En cours'),(289,'https://dc-comis-free.variousforum.com/t1096-comment-peut-on-sarranger-pv-marcus-owens','Comment peut-on s\'arranger ?',7,'2022-04-18 18:07:46','2',2,'Archiv├®'),(290,'https://dc-comis-free.variousforum.com/t1439-daddy-daddy-regarde-moi-pv-vandal-savage','Daddy, daddy... regarde-moi !',7,'2021-10-18 21:17:34','2',2,'Archiv├®'),(291,'https://dc-comis-free.variousforum.com/t1405-apprendre-toujours-pv','Apprendre toujours',7,'2021-10-18 21:17:10','2',2,'Archiv├®'),(292,'https://dc-comis-free.variousforum.com/t1733-des-retrouvailles-imprevues-pv-dick-grayson','Retrouvailles impr├®vues',7,'2021-10-18 21:15:03','2',2,'Archiv├®'),(293,'https://petitesindecences.forumactif.fr/t970-jeune-femme-tres-mouillee-cherche-taxi-a-partager-pour-dessaouler-pv#11967','Jeune femme tr├¿s mouill├®e cherche taxi pour dessaouler',2,'2021-11-19 18:12:51','1',2,'Archiv├®'),(294,'https://petitesindecences.forumactif.fr/t596-proposition-de-partenariat-carol#11974','Proposition de partenariat',2,'2021-10-31 09:51:58','2',2,'Archiv├®'),(295,'https://les-mythes-d-ysarill.forumsrpg.com/t171-au-vignoble-sagremor#1052','Au vignoble',8,'2022-06-26 21:46:26','1',2,'Archiv├®'),(296,'https://petitesindecencesentreamis.fr/viewtopic.php?t=216','Rendez-vous du vendredi soir',2,'2024-03-07 20:15:18','1',2,'Archiv├®'),(297,'https://dc-comis-free.variousforum.com/t1734-the-dark-knightmare-pv#19665','The Dark Knight(mare)',7,'2022-03-31 17:57:10','2',2,'Archiv├®'),(298,'https://desangetdart.forumactif.com/t409-alone-in-the-dark#4644','Alone in the dark ?',3,'2023-01-06 18:10:47','1',2,'Archiv├®'),(299,'https://petitesindecences.forumactif.fr/t977-apres-le-match-irvin#12103','Apr├¿s le match',2,'2021-10-23 13:14:39','2',2,'Archiv├®'),(300,'https://petitesindecences.forumactif.fr/t978-invitation-a-une-soiree-xiong#12105','Invitation ├á une soir├®e',2,'2021-11-26 16:37:00','2',2,'Archiv├®'),(301,'https://20serneuerung.forumactif.com/t495-recuperer-une-servante-anna#top','R├®cup├®rer une servante',1,'2021-08-28 09:35:46','2',2,'Archiv├®'),(302,'https://20serneuerung.forumactif.com/t496-crepuscule-wilhelm#5594','Cr├®puscule',1,'2021-07-29 18:36:42','1',2,'Archiv├®'),(303,'https://petitesindecencesentreamis.fr/viewtopic.php?t=231','En famille',2,'2023-03-01 21:07:57','1',2,'Archiv├®'),(304,'A faire','Diner en couple',1,'2021-08-01 16:18:45','1',2,'En cours'),(305,'A faire','Diner en couple',1,'2021-08-01 16:21:44','1',2,'En cours'),(306,'A faire','Diner en couple',1,'2021-08-01 16:22:24','1',2,'En cours'),(307,'https://20serneuerung.forumactif.com/t502-diner-en-couplepv','Diner en couple',1,'2022-09-03 20:50:59','2',2,'Archiv├®'),(308,'https://20serneuerung.forumactif.com/t503-ennuyee-par-une-grosse-patate-karl-daimler#5635','Ennuy├®e par une grosse patate',1,'2022-04-28 04:27:16','2',2,'Archiv├®'),(309,' https://20serneuerung.forumactif.com/t513-le-portrait-de-svetlana-p-svetlana#5738','Le portrait de Svetlana P.',1,'2022-04-27 17:10:53','2',2,'Archiv├®'),(310,'https://20serneuerung.forumactif.com/t512-soiree-d-artiste-satomi#5736','Soir├®e d\'artiste',1,'2021-09-18 06:44:17','2',2,'Archiv├®'),(311,'https://desangetdart.forumactif.com/t410-une-premiere-missionpv','Une premi├¿re mission',3,'2023-04-23 20:07:15','2',2,'Archiv├®'),(312,'https://petitesindecences.forumactif.fr/t983-nouveau-boulot-nouveau-patron-pv-connor-h','Nouveau boulot, nouveau patron',2,'2021-08-02 19:54:28','1',2,'En cours'),(313,'https://petitesindecences.forumactif.fr/t983-nouveau-boulot-nouveau-patron-pv-connor-h#12232','Nouveau boulot, nouveau patron',2,'2021-10-04 17:47:43','2',2,'Archiv├®'),(314,'https://petitesindecencesentreamis.fr/viewtopic.php?t=109','La libert├®, c\'est de pouvoir choisir celui dont on sera l\'esclave. ',2,'2024-12-29 17:35:10','1',2,'Archiv├®'),(315,'https://petitesindecences.forumactif.fr/t986-l-art-exprime-une-emotion-pv-calixte#12249','L\'art exprime une ├®motion',2,'2021-08-12 10:39:48','1',2,'Archiv├®'),(316,'https://petitesindecences.forumactif.fr/t989-un-test-pour-un-chemin-nouveaucolm-lawrence#12258','Un test pour un chemin nouveau',2,'2021-08-26 12:27:15','1',2,'Archiv├®'),(317,'https://20serneuerung.forumactif.com/t505-nihonga-yoga-et-peinture-a-l-huilepv','Nihonga, Yoga, et peinture ├á  l\'huile',1,'2026-04-15 20:35:19','1',2,'En cours'),(318,'https://dc-comis-free.variousforum.com/t1739-entrainement-dick#19809','Entrainement',7,'2022-07-30 10:15:43','1',2,'Archiv├®'),(319,'https://soulsofhaven.forumactif.com/t304-retrouver-l-inspiration-samael#3434','Retrouver l\'inspiration',10,'2026-04-15 20:36:03','1',2,'En cours'),(320,'https://chroniqueambrosia.forumactif.org/t760-une-promesse-de-tenuepv#19721','Une promesse de tenue',5,'2023-07-21 18:01:03','1',2,'Archiv├®'),(321,'https://20serneuerung.forumactif.com/t510-glace-et-cigarette-louis#5721','Glace et cigarette',1,'2026-04-15 20:35:27','1',2,'En cours'),(322,'https://20serneuerung.forumactif.com/t507-pretez-moi-votre-voixpv-giuseppina#5698','Pr├¬tez-moi votre voix',1,'2022-08-20 05:31:50','1',2,'Archiv├®'),(323,'https://20serneuerung.forumactif.com/t508-un-nouveau-voisin-pv#5702','Un nouveau voisin',1,'2022-11-07 20:53:10','1',2,'Archiv├®'),(324,'https://petitesindecencesentreamis.fr/viewtopic.php?t=233','Pas de r├®volte chez la sans-culotte',2,'2023-02-10 13:02:36','1',2,'Archiv├®'),(325,'https://petitesindecences.forumactif.fr/t1005-river-vs-phoenix-round-1#12528','River vs Phoenix, round 1',2,'2021-08-11 07:47:13','2',2,'Archiv├®'),(326,'https://desangetdart.forumactif.com/t412-war-games-et-banquet-pv','Wargames et banquet',3,'2023-01-23 18:24:45','1',2,'Archiv├®'),(327,'https://20serneuerung.forumactif.com/t511-vernissage-a-la-douane-pv#5732','Vernissage ├á la douane',1,'2023-01-04 08:51:31','2',2,'Archiv├®'),(328,'https://petitesindecences.forumactif.fr/t1004-un-anniversaire-pas-pique-des-verspv#12525','Un anniversaire pas piqu├® des vers',2,'2022-01-23 20:07:15','2',2,'Archiv├®'),(329,'https://petitesindecences.forumactif.fr/t1008-river-vs-phoenix-round-2pv','River vs Phoenix - round 2',2,'2022-03-24 12:55:47','2',2,'Archiv├®'),(330,'https://dc-comis-free.variousforum.com/t1738-mauvaises-habitudes-pv#19795','Mauvaises habitudes ?',7,'2026-04-15 20:01:51','2',2,'En cours'),(331,'https://petitesindecences.forumactif.fr/t1013-la-serenite-et-l-oubli-vont-parfois-de-pair-masada#12696','La s├®r├®nit├® et l\'oubli vont parfois de pair',2,'2021-12-27 09:52:05','1',2,'Archiv├®'),(332,'https://heavensanger.variousforum.com/t562-le-jour-du-sacrifice-pv#6504','Le jour du sacrifice',11,'2025-12-29 09:02:06','2',2,'En cours'),(333,'https://petitesindecences.forumactif.fr/t1023-comment-decompresser-apres-une-dure-journee-pv-lenny','Comment d├®compresser apr├¿s une dure journ├®e',2,'2022-07-02 10:39:21','2',2,'Archiv├®'),(334,'https://petitesindecences.forumactif.fr/t1025-face-a-face-de-la-genance-leona#12823','Face ├á face de la g├¬nance',2,'2022-05-12 17:15:58','1',2,'Archiv├®'),(335,'https://petitesindecences.forumactif.fr/t1026-le-25eme-caprice-sara-charlie#12832','25├¿me caprice',2,'2021-09-15 04:00:55','2',2,'Archiv├®'),(336,'https://petitesindecences.forumactif.fr/t1045-de-bon-matin-pv','De bon matin',2,'2022-05-26 18:28:32','2',2,'Archiv├®'),(337,'https://chroniqueambrosia.forumactif.org/t664p10-les-petits-mensonges-font-les-grands-amis-raimond-et-daphnee','Les petits mensonges font les grands amis',5,'2024-04-07 17:25:15','2',2,'Archiv├®'),(338,'lancer la suite','suite',7,'2021-09-04 12:21:51','1',2,'Archiv├®'),(339,'https://petitesindecences.forumactif.fr/t1019-un-imprevu-derriere-l-appareil-pv-phoenix-philips','Un impr├®vu derri├¿re l\'appareil',2,'2021-11-29 18:57:00','2',2,'Archiv├®'),(340,'https://petitesindecencesentreamis.fr/viewtopic.php?t=148','La seule chose que les hommes pr├®f├¿rent ├á la libert├® c\'est l\'esclavage',2,'2025-09-23 11:30:46','1',2,'En cours'),(341,'https://petitesindecences.forumactif.fr/t1048-desorientation-pv#13186','D├®sorientation',2,'2021-11-19 18:13:03','2',2,'Archiv├®'),(342,'https://petitesindecences.forumactif.fr/t1062-besoin-d-un-ange-gardien-pv#13375','Besoin d\'un ange gardien',2,'2021-11-13 21:25:17','1',2,'Archiv├®'),(343,'https://petitesindecences.forumactif.fr/t1040-anniversaire-de-mariage-emma-et-arslan','Anniversaire de mariage',2,'2022-03-10 06:12:45','3',3,'Archiv├®'),(344,'https://dc-comis-free.variousforum.com/t1747-se-reprendre-en-main-pv','Se reprendre en main',7,'2023-08-06 20:25:50','1',2,'Archiv├®'),(345,'https://20serneuerung.forumactif.com/t520-maximum-mercedes-karl-daimler#5845','Maximum Mercedes',1,'2021-09-20 20:47:24','2',2,'Archiv├®'),(346,'https://petitesindecences.forumactif.fr/t1053-un-petit-virus-bien-sur-lenny#13274','Un petit virus...bien s├╗r',2,'2022-01-12 18:26:39','1',2,'Archiv├®'),(347,'https://dc-comis-free.variousforum.com/t1753-parce-que-meme-les-demons-doivent-faire-gaffe-pv#20051','Parce que m├¬me les d├®mons doivent faire gaffe',7,'2026-03-22 21:30:08','2',2,'En cours'),(348,'https://petitesindecences.forumactif.fr/t1047-soiree-exquiseellie#13174','Soir├®e exquise',2,'2021-11-13 22:06:48','2',2,'Archiv├®'),(349,'https://petitesindecences.forumactif.fr/t1052-cours-d-escort-ellie#13265','Cours d\'Escort',2,'2021-11-13 16:29:18','2',2,'Archiv├®'),(350,'https://petitesindecences.forumactif.fr/t1057-pour-la-troisieme-fois-pv','Pour la troisi├¿me fois',2,'2021-10-31 08:25:10','2',2,'Archiv├®'),(351,'https://petitesindecences.forumactif.fr/t1058-nouveau-boulot-nouveau-patron-mais-cette-fois-c-est-un-peu-mieux-non-pv','Nouveau boulot, nouveau patron. Mais cette fois c\'est un peu mieux, non ?',2,'2021-10-04 18:51:10','2',2,'Archiv├®'),(352,'https://chroniqueambrosia.forumactif.org/t762-le-mecanisme-humain-pv-valerian-d-andressy#19819','Le m├®canisme humain',5,'2022-04-06 19:49:10','2',2,'Archiv├®'),(353,'https://petitesindecences.forumactif.fr/t1064-la-douceur-du-quotidien-aodhan#13393','La douceur du quotidien',2,'2021-10-16 17:25:10','2',2,'Archiv├®'),(354,'https://desangetdart.forumactif.com/t414-le-temps-est-venu-pv#4837','Le temps est venu',3,'2026-03-22 21:30:34','1',2,'En cours'),(355,'https://dc-comis-free.variousforum.com/t1752-partage-de-salle-de-bain-vraiment-pv#20045','Partage de salle de bain ? Vraiment ?',7,'2026-03-22 21:30:13','2',2,'En cours'),(356,'https://chroniqueambrosia.forumactif.org/t763-pour-le-meilleur-et-pour-le-pire-o-nemrod-daphnee','Pour le meilleur et pour le pire',5,'2024-09-02 19:00:12','2',2,'Archiv├®'),(357,'https://desangetdart.forumactif.com/t420-l-informatique-un-travail-d-orfevre-pv','L\'informatique, un travail d\'orf├¿vre ?',3,'2026-03-22 21:30:24','2',2,'En cours'),(358,'https://petitesindecencesentreamis.fr/viewtopic.php?p=320#p320','Diner de famille',2,'2026-04-26 17:26:08','2',4,'En cours'),(359,'https://desangetdart.forumactif.com/t415-un-quotidien-de-couple-qui-n-en-est-pas-un-sauf-dans-certains-fantasmes-pv#4854','Un quotidien de couple qui n\'en est pas un, sauf dans certains fantasmes',3,'2021-12-09 21:33:20','2',2,'Archiv├®'),(360,'https://petitesindecences.forumactif.fr/t1078-une-nouvelle-venue-pv','Une nouvelle venue',2,'2022-03-10 06:15:09','2',2,'Archiv├®'),(361,'https://petitesindecencesentreamis.fr/viewtopic.php?p=779#p779','Arriv├® du coloc hivernal ',2,'2024-03-03 10:51:02','2',2,'Archiv├®'),(362,'https://petitesindecences.forumactif.fr/t1085-cible-verrouillee-abe#13665','Cible verrouill├®e',2,'2022-03-25 10:26:58','1',2,'Archiv├®'),(363,'https://20serneuerung.forumactif.com/t529-de-l-aide-s-il-vous-plait-wolfgang','De l\'aide? S\'il vous plait',1,'2021-11-30 15:20:24','1',2,'Archiv├®'),(364,'https://20serneuerung.forumactif.com/t530-le-portrait-de-son-altesse-victoria#6079','Le portrait de son altesse',1,'2022-07-08 11:21:57','1',2,'Archiv├®'),(365,'https://petitesindecences.forumactif.fr/t1086-faut-il-vraiment-s-ennuyer-toute-la-soiree-pv-masada#13667','Faut-il vraiment s\'ennuyer toute la soir├®e?',2,'2022-03-08 13:42:38','2',2,'Archiv├®'),(366,'https://petitesindecencesentreamis.fr/viewtopic.php?p=780#p780','Cousinade',2,'2026-04-15 20:36:01','2',2,'En cours'),(367,'https://petitesindecencesentreamis.fr/viewtopic.php?t=238','Repas annuel',2,'2023-01-30 22:16:57','2',2,'Archiv├®'),(368,'https://20serneuerung.forumactif.com/t561-fly-me-to-the-moon-pv-abi#6445','Fly me to the moon',1,'2022-04-07 21:41:26','2',2,'Archiv├®'),(369,'https://20serneuerung.forumactif.com/t540-musique-d-une-nuit-fauve-louis','Musique d\'une nuit fauve',1,'2021-12-26 20:02:02','2',2,'Archiv├®'),(370,'https://petitesindecencesentreamis.fr/viewtopic.php?t=167','Voyage dans la famille',2,'2023-02-11 09:41:13','1',2,'Archiv├®'),(371,'https://dc-comis-free.variousforum.com/t1763-avant-de-partir-bien-entendu-craig#20143','\"Avant de partir\" bien entendu!',7,'2022-10-14 19:05:28','1',2,'Archiv├®'),(372,'https://dc-comis-free.variousforum.com/t1761-vengeance-par-procuration-pv-clayface','Vengeance par procuration',7,'2021-12-01 21:50:46','2',2,'Archiv├®'),(373,'https://20serneuerung.forumactif.com/t543-les-premiers-pas-dans-cette-nouvelle-vie-pv-elena','Les premiers pas dans cette nouvelle vie',1,'2025-10-19 19:55:38','1',2,'Archiv├®'),(374,'https://petitesindecences.forumactif.fr/t1061-prise-de-contact-ft-riley#13369','Prise de contact',2,'2022-03-05 10:57:53','2',2,'Archiv├®'),(375,'https://petitesindecences.forumactif.fr/t1087-premier-rendez-vous-massada-amanda#13669','Premier rendez-vous',2,'2022-08-18 16:31:58','1',2,'Archiv├®'),(376,'https://petitesindecences.forumactif.fr/t1099-valser-au-clair-de-lune-anton#13813','Valser au clair de lune',2,'2022-02-20 16:16:42','2',2,'Archiv├®'),(377,'https://desangetdart.forumactif.com/t421-sainte-foy-changer-et-evoluer-quentin#4955','Changer et ├®voluer',3,'2025-10-19 19:45:05','1',2,'Archiv├®'),(378,'https://desangetdart.forumactif.com/t422-alors-c-est-un-sorcier-qui-rentre-dans-un-bar-il-se-passe-plein-de-trucs-je-me-souviens-pas-de-tout-mais-jure-la-chute-est-marrantepv#4957','Alors c\'est un sorcier qui rentre dans un bar.... il se passe plein de trucs, je me souviens pas de tout, mais jur├®, la chute est marrante',3,'2022-03-13 16:48:14','2',2,'Archiv├®'),(379,'https://20serneuerung.forumactif.com/t546-triptyque-ou-trique-type-pv#6312','Triptyque ou trique type ? [Pv]',1,'2026-04-15 20:36:16','2',2,'En cours'),(380,'https://20serneuerung.forumactif.com/t563-les-archives-c-est-erotique-valere#6464','Les archives, c\'est ├®rotique',1,'2026-04-15 20:35:16','1',2,'En cours'),(381,'https://petitesindecences.forumactif.fr/t1100-ah-paris-margaux#13845','Ah paris!',2,'2022-04-06 18:52:04','1',2,'Archiv├®'),(382,'https://petitesindecencesentreamis.fr/viewtopic.php?t=230','Ah l\'improviste, quelle id├®e!',2,'2023-07-14 20:16:24','2',2,'Archiv├®'),(383,'https://20serneuerung.forumactif.com/t551-changement-de-propriete-pv#6345','Changement de propri├®taire',1,'2022-03-22 12:49:43','2',2,'Archiv├®'),(384,'https://desangetdart.forumactif.com/t434-comme-on-se-retrouve-nephaliane#5191','Comme on se retrouve',3,'2023-03-02 05:29:10','2',2,'Archiv├®'),(385,'https://desangetdart.forumactif.com/t423-pour-l-enquete-anthony#5013','Pour l\'enqu├¬te',3,'2022-07-21 15:11:12','2',2,'Archiv├®'),(386,'https://petitesindecencesentreamis.fr/viewtopic.php?p=132#p132','Les oeuvres? Non le cul de l\'artiste!',2,'2023-10-21 16:36:44','1',2,'Archiv├®'),(387,'https://desangetdart.forumactif.com/t424-une-rechute-ou-pireraphael#5031','Une rechute ou pire?',3,'2022-03-26 07:56:08','2',2,'Archiv├®'),(388,'https://dc-comis-free.variousforum.com/t1768-les-justiciers-perissent-dans-l-anonymat-superman','Les justiciers p├®rissent dans l\'anonymat ',7,'2023-01-08 12:27:58','1',2,'Archiv├®'),(389,'https://dc-comis-free.variousforum.com/t1769-pere-et-fils-dick#20282','P├¿re et fils',7,'2023-04-23 20:07:07','1',2,'Archiv├®'),(390,'https://20serneuerung.forumactif.com/t552-la-purete-a-un-prix#6353','La puret├® a un prix',1,'2022-03-22 12:49:45','2',2,'Archiv├®'),(391,'ouvrir la suite','ouvrir',1,'2021-12-16 14:52:11','1',2,'Archiv├®'),(392,'https://20serneuerung.forumactif.com/t554-la-surprise-d-un-nouveau-visage#6359','La surprise d\'un nouveau visage',1,'2022-01-16 17:06:21','2',2,'Archiv├®'),(393,'https://desangetdart.forumactif.com/t429-une-proie-se-charme-dijana#5079','Une proie se charme',3,'2022-01-21 13:35:32','1',2,'Archiv├®'),(394,'https://20serneuerung.forumactif.com/t571-apres-la-representation-taikan#6589','Apr├¿s la repr├®sentation',1,'2026-04-15 20:35:28','1',2,'En cours'),(395,'https://dc-comis-free.variousforum.com/t1775-why-so-serious-pv-joker#20312','Why so serious ?',7,'2022-04-10 18:37:53','2',2,'Archiv├®'),(396,'https://dc-comis-free.variousforum.com/t1778-contrat-de-mariage-entre-autres-discussions-vicky#20341','Contrat de mariage entre autres discussions',7,'2025-03-01 19:08:10','1',2,'En cours'),(397,'https://dc-comis-free.variousforum.com/t1779-aider-stephanie#20342','Aider',7,'2022-04-22 14:13:43','2',2,'Archiv├®'),(398,'https://20serneuerung.forumactif.com/t558-savoir-comment-ca-c-est-passe-polina#6422','Savoir comment ├ºa c\'est pass├®!',1,'2022-01-25 18:17:20','1',2,'Archiv├®'),(399,'https://petitesindecences.forumactif.fr/t1109-egerienikka#14008','Eg├®rie?',2,'2021-12-22 10:34:43','1',2,'Archiv├®'),(400,'https://petitesindecences.forumactif.fr/t1111-assumer-ses-envies-et-partir-a-l-aventure-pema-anton','Assumer ses envies et partir ├á l\'aventure',2,'2022-02-20 16:16:51','3',3,'Archiv├®'),(401,'https://dc-comis-free.variousforum.com/t1784-l-hopital-qui-se-fout-de-la-charite-joker#20369','L\'hopital qui se fout de la charit├®',7,'2022-05-07 18:09:57','1',2,'Archiv├®'),(402,'https://dc-comis-free.variousforum.com/t1785-une-cyborg-qui-a-ete-humaine-matthew#20374','Une cyborg qui a ├®t├® humaine',7,'2026-03-22 21:30:15','2',2,'En cours'),(403,'https://desangetdart.forumactif.com/t431-deux-jeunes-membres-maddy#5127','Deux jeunes membres',3,'2023-03-09 19:02:51','1',2,'Archiv├®'),(404,'https://20serneuerung.forumactif.com/t562-voyage-de-noces-pv#6460','Voyage de noces',1,'2026-04-15 20:36:00','2',2,'En cours'),(405,'https://petitesindecencesentreamis.fr/viewtopic.php?t=112&start=10','Parents indignes',2,'2026-02-15 04:01:09','1',2,'En cours'),(406,'https://petitesindecences.forumactif.fr/t1120-rentrer-tard-pv#14158','Rentrer tard',2,'2022-02-14 20:32:38','2',2,'Archiv├®'),(407,'https://petitesindecences.forumactif.fr/t1116-exhale-desire-micky-anton#14110','Exhale d├®sire',2,'2022-02-14 21:03:36','1',2,'Archiv├®'),(408,'https://dc-comis-free.variousforum.com/t1788-le-maitre-de-la-maison-ultraman#20396','Le Ma├«tre de la maison',7,'2022-02-11 09:26:05','2',2,'Archiv├®'),(409,'https://dc-comis-free.variousforum.com/t1789-nuit-des-demons-ephraim#20403','Nuit des d├®mons',7,'2026-04-15 20:12:43','2',2,'En cours'),(410,'https://petitesindecencesentreamis.fr/viewtopic.php?t=217','Une grande nouvelle !?',2,'2023-02-15 06:52:38','2',2,'Archiv├®'),(411,'https://petitesindecences.forumactif.fr/t1118-interrogatoire-intensif-alex','Interrogatoire intensif',2,'2022-02-06 20:04:14','2',2,'Archiv├®'),(412,'https://petitesindecences.forumactif.fr/t1122-joyeuses-retrouvailles-pv#14172','Joyeuses retrouvailles ?!',2,'2022-01-21 18:55:24','2',2,'Archiv├®'),(413,'https://dc-comis-free.variousforum.com/t1793-garde-a-la-horde-de-mannequin-oliver#20478','Garde ├á la horde de mannequin ',7,'2022-01-27 13:30:00','2',2,'Archiv├®'),(414,'https://dc-comis-free.variousforum.com/t1799-etre-un-homme-comme-vous-pv#20538','├ètre un homme comme vous !',7,'2023-08-06 20:25:55','2',2,'Archiv├®'),(415,'https://dc-comis-free.variousforum.com/t1801-dangereuse-rencontre-en-territoire-non-moins-dangreux-pv#20546','Dangereuse rencontre en territoire non moins dangereux',7,'2022-07-29 11:46:13','2',2,'Archiv├®'),(416,'https://dc-comis-free.variousforum.com/t1798-la-vie-des-jeunes-maries-pv#20533','La vie des jeunes mari├®s',7,'2023-01-13 16:57:47','1',2,'Archiv├®'),(417,'https://dc-comis-free.variousforum.com/t1802-que-faites-vous-chez-moi-pv#20553','Que faites-vous chez moi ?',7,'2023-01-08 23:33:43','2',2,'Archiv├®'),(418,'a ouvrir','a ouvrir',7,'2022-01-07 11:34:42','1',2,'Archiv├®'),(419,'https://petitesindecences.forumactif.fr/t1119-sauvez-par-superman-micheal','Sauvez par Superman',2,'2022-01-19 14:27:37','1',2,'Archiv├®'),(420,'https://petitesindecencesentreamis.fr/viewtopic.php?p=781#p781','Soir├®e s├®rie, pizza et papotage',2,'2026-04-15 20:35:51','1',2,'En cours'),(421,'https://petitesindecencesentreamis.fr/viewtopic.php?t=170','De retour ├á NY par un dimanche glacial',2,'2026-05-10 10:30:11','2',2,'En cours'),(422,'https://dc-comis-free.variousforum.com/t1796-tiens-j-ai-une-fan-pv#20515','Tiens, j\'ai une fan !',7,'2023-01-30 22:08:25','2',2,'Archiv├®'),(423,'https://chroniqueambrosia.forumactif.org/t773-honorer-un-gage-pv#20196','Honorer un gage',5,'2022-05-31 17:07:07','2',2,'Archiv├®'),(424,'https://dc-comis-free.variousforum.com/t1800-un-petit-coup-de-froid-pv#20545','Un petit coup de froid',7,'2026-03-22 21:30:05','2',2,'En cours'),(425,'https://dc-comis-free.variousforum.com/t1797-collaboration-pv#20530','Collaboration',7,'2022-01-16 13:44:06','1',2,'Archiv├®'),(426,'https://20serneuerung.forumactif.com/t567-histoire-d-amour-au-cinema-scene-01-chiara#6568','Histoire d\'amour au cin├®ma, sc├¿ne 01',1,'2025-01-12 21:29:17','1',2,'En cours'),(427,'https://les-mythes-d-ysarill.forumsrpg.com/t178-escapade-pv#1357','Escapade',8,'2026-04-15 20:35:32','2',2,'En cours'),(428,'https://desangetdart.forumactif.com/t442-rencontrer-une-membre-du-clan-ava#5269','Rencontrer une membre du clan',3,'2022-04-26 14:16:08','1',2,'Archiv├®'),(429,'https://dc-comis-free.variousforum.com/t1806-i-deserve-it-ft-vandal','I deserve it',7,'2022-02-23 20:35:19','2',2,'Archiv├®'),(430,'https://desangetdart.forumactif.com/t435-un-peu-de-detente-baptiste','A lancer : Un peu de d├®tente',3,'2022-01-21 13:38:13','1',2,'Archiv├®'),(431,'https://desangetdart.forumactif.com/t448-parfum-de-peur-lucius#5384','Parfum de peur',3,'2026-04-23 19:29:08','1',2,'En cours'),(432,'https://dc-comis-free.variousforum.com/t1811-trouver-sa-place-feat-connor#20619','Trouver sa place',7,'2022-02-11 21:26:18','2',2,'Archiv├®'),(433,'https://petitesindecences.forumactif.fr/t1131-fauves-pema#14275','Fauves',2,'2022-01-26 15:19:10','2',2,'Archiv├®'),(434,'https://petitesindecences.forumactif.fr/t1144-la-securite-de-l-emploi-eleanore#14353','La s├®curit├® de l\'emploi',2,'2022-01-26 18:48:25','1',2,'Archiv├®'),(435,'https://dc-comis-free.variousforum.com/t1810-flashback-divergence-d-opinion-ft-mera#20616','Divergence d\'opinion',7,'2022-06-23 18:13:21','1',2,'Archiv├®'),(436,'https://desangetdart.forumactif.com/t443-c-est-le-grand-jour-cage#5296','C\'est le grand jour',3,'2022-11-24 06:56:53','1',2,'Archiv├®'),(437,'https://petitesindecences.forumactif.fr/t1151-c-est-trop-tot-pour-ca-arshardir#14414','C\'est trop t├┤t pour ├ºa',2,'2022-04-26 05:08:47','1',2,'Archiv├®'),(438,'https://petitesindecences.forumactif.fr/t1153-welcome-chez-moi-clyde#14422','Welcome chez moi',2,'2022-02-02 10:58:02','1',2,'Archiv├®'),(439,'https://petitesindecences.forumactif.fr/t1152-what-we-need-to-fight-for-louison#14416','What we need to fight for',2,'2022-02-05 20:22:49','1',2,'Archiv├®'),(440,'https://petitesindecences.forumactif.fr/t1155-la-maladie-a-aussi-du-bon-ignacio#14476','La maladie a aussi du bon? ',2,'2022-05-08 04:22:09','1',2,'Archiv├®'),(441,'https://dc-comis-free.variousforum.com/t1813-i-ve-got-the-power-pv#20677','I\'ve got the power',7,'2022-05-05 20:44:05','2',2,'Archiv├®'),(442,'https://petitesindecencesentreamis.fr/viewtopic.php?p=782#p782','C\'est trop tard pour paniquer maintenant...',2,'2023-02-27 17:25:51','1',2,'Archiv├®'),(443,'https://dc-comis-free.variousforum.com/t1814-rencontre-etrange-erika#20696','Rencontre ├®trange',7,'2022-03-10 05:44:36','1',2,'Archiv├®'),(444,'https://desangetdart.forumactif.com/t445-le-retour-de-l-habitue-odell#5345','Le retour de l\'habitu├®',3,'2022-05-11 18:14:56','1',2,'Archiv├®'),(445,'https://petitesindecences.forumactif.fr/t1161-sottise-et-reactions-pv#14528','Sottise et r├®actions',2,'2022-07-20 10:14:29','2',2,'Archiv├®'),(446,'https://dc-comis-free.variousforum.com/t1816-trouver-la-maison-dane#20741','Trouver la maison',7,'2026-04-15 20:13:06','2',2,'En cours'),(447,'https://dc-comis-free.variousforum.com/t1817-fb-chat-et-chauve-souris-batman#20746','Chat et chauve souris',7,'2024-07-27 18:41:45','2',2,'Archiv├®'),(448,'https://dc-comis-free.variousforum.com/t1828-compromis-consensus-et-ainsi-de-suite#20867','Compromis, consensus, et ainsi de suite',7,'2023-08-21 20:37:38','2',2,'Archiv├®'),(449,'https://chroniqueambrosia.forumactif.org/t769-nous-pouvons-etre-bien-plus-encore-emily-daphnee','Nous pouvons ├¬tre bien plus encore',5,'2024-12-26 21:17:14','1',2,'En cours'),(450,'https://dc-comis-free.variousforum.com/t1818-plouf-plouf-pocket-erika#20750','Plouf plouf pocket',7,'2022-02-23 05:33:11','1',2,'Archiv├®'),(451,'https://dc-comis-free.variousforum.com/t1821-retour-casse-depart-feat-vandal-savage#20786','Retour casse d├®part',7,'2022-05-05 20:44:06','1',2,'Archiv├®'),(452,'https://desangetdart.forumactif.com/t259-nuit-tranquille#3540','Nuit tranquille',3,'2023-03-09 19:24:41','1',2,'Archiv├®'),(453,'https://petitesindecences.forumactif.fr/t1166-contrat-discussion-signature-finale-des-deux-parties-daniel#14609','Contrat + discussion = signature finale des deux parties',2,'2022-06-15 18:57:57','2',2,'Archiv├®'),(454,'https://20serneuerung.forumactif.com/t574-la-vie-n-est-rien-qu-un-fichu-tourbillon-pv-mikhail','La vie n\'est rien qu\'un fichu torubillon',1,'2022-09-05 05:26:59','1',2,'Archiv├®'),(455,'https://petitesindecences.forumactif.fr/t1170-comme-on-se-retrouve-pv-connor','Comme on se retrouve !',2,'2022-03-10 12:50:03','2',2,'Archiv├®'),(456,'https://lesmondesmornes.forumactif.com/t103-a-la-pche-aux-moules-moules-moules-je-ne-veux-plus-y-aller-maman-pv#1025','A la p├¬che aux moules moules moules, je ne veux plus y aller maman !',4,'2023-02-26 22:56:40','2',2,'Archiv├®'),(457,'https://dc-comis-free.variousforum.com/t1825-la-cite-des-sables-pv#20827','La cit├® des sables',7,'2026-04-15 20:12:45','1',2,'En cours'),(458,'https://petitesindecences.forumactif.fr/t1172-l-art-des-cordes-pv-thais-seraphine-porter#14677','L\'art des cordes',2,'2022-04-01 17:16:59','2',2,'Archiv├®'),(459,'https://petitesindecencesentreamis.fr/viewtopic.php?p=1169#p1169','Une heure pour convaincre',2,'2024-09-02 18:31:41','2',2,'Archiv├®'),(460,'https://petitesindecences.forumactif.fr/t1158-dans-le-mille-pv-calixte-carel#14721','Dans le mille',2,'2022-09-24 19:17:19','1',2,'Archiv├®'),(461,'https://dc-comis-free.variousforum.com/t1827-sortie-en-groupe-pv#20857','Sortie en groupe',7,'2022-03-31 17:57:12','2',2,'Archiv├®'),(462,'https://petitesindecences.forumactif.fr/t1173-les-peurs-d-un-pere-pv-masada-saito#14649','Les peurs d\'un p├¿re',2,'2022-04-11 19:07:33','1',2,'Archiv├®'),(463,'https://dc-comis-free.variousforum.com/t1831-ivresse-scandal#20931','ivresse',7,'2022-04-14 18:20:03','1',2,'Archiv├®'),(464,'https://petitesindecences.forumactif.fr/t1183-rivers-vs-phoenix-round-3-pv#14857','Rivers VS Phoenix round 3',2,'2022-06-29 07:05:24','2',2,'Archiv├®'),(465,'https://dc-comis-free.variousforum.com/t1829-lache-prise-pv-dick-grayson#20896','L├óch├® prise',7,'2022-04-18 18:07:40','2',2,'Archiv├®'),(466,'https://petitesindecencesentreamis.fr/viewtopic.php?t=102','Le barman, la maitresse... et la maitresse',2,'2026-02-26 19:25:53','2',2,'En cours'),(467,'https://desangetdart.forumactif.com/t456-mission-en-souterrain-pv#5522','Mission en souterrain',3,'2025-05-13 06:09:37','4',4,'Archiv├®'),(468,'https://desangetdart.forumactif.com/t457-il-n-y-en-a-pas-une-qui-abuse-la-pv#5524','Il n\'y en a pas une qui abuse, l├á ?',3,'2022-04-30 14:14:43','1',2,'Archiv├®'),(469,'https://dc-comis-free.variousforum.com/t1832-danser-avec-le-diable-au-clair-de-lune-ft-joker#20950','Danser avec le diable au clair de lune',7,'2022-10-14 06:21:26','2',2,'Archiv├®'),(470,'https://petitesindecencesentreamis.fr/viewtopic.php?t=120','On chill un peu ?',2,'2024-03-06 12:28:12','2',2,'Archiv├®'),(471,'https://petitesindecencesentreamis.fr/viewtopic.php?p=1110#p1110','Direction le capitole',2,'2024-10-15 11:21:44','2',2,'Archiv├®'),(472,'https://petitesindecencesentreamis.fr/viewtopic.php?p=943#p943','Tentative de pardon',2,'2023-02-08 22:15:25','2',2,'Archiv├®'),(473,'https://heavensanger.variousforum.com/t563-attentat-ou-vengeance-pv#6568','Attentat ou vengeance ?',11,'2025-07-06 20:26:40','2',2,'En cours'),(474,'https://20serneuerung.forumactif.com/t580-viree-a-la-plage#6876','Vir├®e ├á la plage',1,'2026-05-23 18:48:57','2',2,'En cours'),(475,'https://desangetdart.forumactif.com/t458-installation-a-deux-raphael#5538','Installation ├á deux',3,'2026-04-24 16:07:54','2',2,'En cours'),(476,'https://dc-comis-free.variousforum.com/t1835-un-plan-sans-faille-pv#21003','Un plan sans faille ?',7,'2026-04-15 20:12:49','2',2,'En cours'),(477,'https://desangetdart.forumactif.com/t455-howlin-for-you-enara-perez#5564','Howlin for you',3,'2022-05-26 19:46:08','1',2,'Archiv├®'),(478,'https://petitesindecences.forumactif.fr/t1195-un-nouvelle-niche-pour-ophelia-pv#15071','Une nouvelle niche pour Ophelia',2,'2022-08-21 14:21:08','2',2,'Archiv├®'),(479,'https://20serneuerung.forumactif.com/t578-lieferung-pv-mikahil-romanov#6880','Lieferung',1,'2023-02-19 09:45:02','1',2,'Archiv├®'),(480,'https://petitesindecences.forumactif.fr/t1198-galop-d-essai-pv','Galop d\'essai',2,'2022-06-14 12:01:13','2',2,'Archiv├®'),(481,'https://dc-comis-free.variousforum.com/t1840-heritage-pv#21130','H├®ritage',7,'2022-10-08 14:25:06','1',2,'Archiv├®'),(482,'https://petitesindecencesentreamis.fr/viewtopic.php?p=1441#p1441','Soir├®e au bar ',2,'2025-06-12 06:26:23','1',2,'Archiv├®'),(483,'https://dc-comis-free.variousforum.com/t1839-le-chant-du-cygne-clayface#21115','Le chant du cygne',7,'2026-03-22 21:29:57','2',2,'En cours'),(484,'https://dc-comis-free.variousforum.com/t1841-le-maitre-et-ses-potentielles-decouvertes-kal-il#21132','Le ma├«tre et ses potentielles d├®couvertes',7,'2022-08-01 22:28:40','2',2,'Archiv├®'),(485,'https://petitesindecencesentreamis.fr/viewtopic.php?p=1051#p1051','Mieux que l\'ami ricor├®',2,'2026-07-16 13:56:15','1',2,'En cours'),(486,'https://petitesindecencesentreamis.fr/viewtopic.php?t=245','Un retard de plus',2,'2023-08-02 06:56:58','2',2,'Archiv├®'),(487,'https://petitesindecences.forumactif.fr/t1211-prendre-un-verre-cookie#15317','Prendre un verre',2,'2023-01-15 18:37:29','1',2,'Archiv├®'),(488,'https://petitesindecencesentreamis.fr/viewtopic.php?p=1192#p1192','Coucher sur le papier tes mots et nos id├®es',2,'2023-04-16 16:57:12','2',2,'Archiv├®'),(489,'https://petitesindecencesentreamis.fr/viewtopic.php?p=1112#p1112','Le hasard fait bien son taff, hein ?!',2,'2024-12-06 12:13:32','2',2,'Archiv├®'),(490,'https://petitesindecencesentreamis.fr/viewtopic.php?t=293','Le d├®but de la fin de la tranquilit├®',2,'2023-07-10 06:23:23','2',2,'Archiv├®'),(491,'https://petitesindecencesentreamis.fr/viewtopic.php?p=492#p492','P├®ritonite aigue',2,'2023-03-26 19:31:22','2',2,'Archiv├®'),(492,'https://les-mythes-d-ysarill.forumsrpg.com/t181-la-sorciere-et-le-chevalier-sagremor#1447','La Sorci├¿re et le Chevalier',8,'2022-07-20 10:16:37','1',2,'Archiv├®'),(493,'https://petitesindecences.forumactif.fr/t1230-enquete-l-enfer-de-dante#15498','Enqu├¬te :  l\'enfer de Dante',2,'2022-07-15 09:39:17','2',2,'Archiv├®'),(494,'https://petitesindecences.forumactif.fr/t1237-les-mauvaises-rencontres-ca-arrive-a-tout-le-monde-pv#15561','Les mauvaises rencontres, ├ºa peut arriver ├á tout le monde...',2,'2022-07-11 21:18:55','1',2,'Archiv├®'),(495,'https://dc-comis-free.variousforum.com/t1848-l-affaire-charles-harrisson-pv-renee-montoya#21286','L\'affaire Charles Harrisson',7,'2022-12-27 13:46:47','1',2,'Archiv├®'),(496,'https://les-mythes-d-ysarill.forumsrpg.com/t182-reflechir-sagremor','R├®fl├®chir',8,'2026-04-15 20:35:55','2',2,'En cours'),(497,'https://petitesindecencesentreamis.fr/viewtopic.php?p=1151#p1151','Rencontre Nocturne',2,'2023-01-31 05:07:44','1',2,'Archiv├®'),(498,'https://petitesindecencesentreamis.fr/viewtopic.php?t=244','Rentrer plus t├┤t',2,'2026-07-16 13:56:18','2',2,'En cours'),(499,'https://petitesindecencesentreamis.fr/viewtopic.php?t=235','Le premier jour de ta v├®ritable existence',2,'2023-05-10 11:49:13','1',2,'Archiv├®'),(500,'https://petitesindecences.forumactif.fr/t1258-le-joueur-et-la-pochtronne-pv#15716','Le joueur et la pochtronne',2,'2022-09-13 11:41:24','2',2,'Archiv├®'),(501,'https://dc-comis-free.variousforum.com/t1849-des-problemes-divins#21304','Des probl├¿mes divins',7,'2023-01-07 15:28:48','1',2,'Archiv├®'),(502,'https://20serneuerung.forumactif.com/t588-au-bal-masque-pv#7153','Au bal masqu├®',1,'2023-05-03 11:54:47','1',2,'Archiv├®'),(503,'https://petitesindecencesentreamis.fr/viewtopic.php?p=1097#p1097','Tranche de vie',2,'2026-07-16 13:59:54','2',2,'En cours'),(504,'https://petitesindecencesentreamis.fr/viewtopic.php?p=625#p625','L\'agnelle et les loups',2,'2025-01-06 21:02:02','2',3,'Archiv├®'),(505,'A lancer','A lancer',2,'2022-08-02 12:47:47','1',2,'Archiv├®'),(506,'https://dc-comis-free.variousforum.com/t1850-l-heureux-evenement-pv#21342','L\'heureux ├®v├¿nement',7,'2023-05-19 14:21:28','1',2,'Archiv├®'),(507,'https://petitesindecences.forumactif.fr/t1252-c-etait-pas-au-programme-pv-lenny','C\'├®tait pas au programme',2,'2022-08-16 05:57:47','2',2,'Archiv├®'),(508,'https://petitesindecences.forumactif.fr/t1253-score-maximal-pv-adam#15663','Score maximal',2,'2022-09-24 19:15:07','2',2,'Archiv├®'),(509,'https://dc-comis-free.variousforum.com/t1852-bienvenue-au-kahndaq-kryptonien-ultraman#21355','Bienvenue au Kahndaq, Kryptonien',7,'2022-09-21 20:42:22','2',2,'Archiv├®'),(510,'https://petitesindecencesentreamis.fr/viewtopic.php?p=1070#p1070','Triste instant de vie',2,'2024-03-21 21:33:31','2',2,'Archiv├®'),(511,'https://petitesindecences.forumactif.fr/t1260-rendre-a-cesar-ce-qui-appartenait-a-cesar-grisou#15730','Rendre ├á C├®sar ce qui ├®tait ├á C├®sar',2,'2022-08-19 21:47:31','1',0,'En cours'),(512,'https://petitesindecencesentreamis.fr/viewtopic.php?t=247','Rendre ├á C├®sar ce qui appartenait ├á C├®sar',2,'2022-11-20 22:00:28','1',2,'Archiv├®'),(513,'https://petitesindecences.forumactif.fr/t1246-falling-to-the-skypv-arslan','Falling to the sky',2,'2022-09-05 17:55:25','1',2,'Archiv├®'),(514,'https://petitesindecencesentreamis.fr/viewtopic.php?t=232','River vs Phoenix - River victory',2,'2026-06-02 18:29:48','1',2,'En cours'),(515,'https://petitesindecencesentreamis.fr/viewtopic.php?t=160','Soir├®e entre copine',2,'2023-04-29 09:02:34','1',2,'Archiv├®'),(516,'https://petitesindecencesentreamis.fr/viewtopic.php?t=131','Marquer le corps et l\'esprit',2,'2023-04-29 09:10:06','2',2,'Archiv├®'),(517,'https://desangetdart.forumactif.com/t462-fin-de-service-pv','Fin de service',3,'2023-01-11 20:15:53','1',2,'Archiv├®'),(518,'https://chroniqueambrosia.forumactif.org/t774-la-fragilite-de-cette-nouvelle-viepv#20422','La fragilit├® de cette nouvelle vie',5,'2026-04-15 20:35:34','1',2,'En cours'),(519,'https://perdition3.forumactif.com/t2145-ce-pauvre-empereur-nomin#27278','Ce pauvre empereur ',14,'2022-08-27 12:09:26','2',2,'Archiv├®'),(520,'https://perdition3.forumactif.com/t2146-changez-le-cour-de-vos-existences-libre#27218','Changez le cour de vos existences',14,'2022-08-27 12:02:03','2',2,'Archiv├®'),(521,'https://perdition3.forumactif.com/t2151-fallout-abraham-blackwolf','Fallout',14,'2022-08-27 11:31:31','2',2,'Archiv├®'),(522,'https://perdition3.forumactif.com/t2070-requiem-for-a-dream-aymeric','Requiem for a dream',14,'2022-08-27 10:46:45','2',2,'Archiv├®'),(523,'A lancer','Veille ├á l\'hosto',7,'2022-08-27 08:02:17','1',1,'Archiv├®'),(524,'https://dc-comis-free.variousforum.com/t1858-agressee-mais-par-un-autre-pv#21391','Agress├®e mais par un autre',7,'2022-11-23 13:00:48','2',2,'Archiv├®'),(525,'https://dc-comis-free.variousforum.com/t1857-le-hero-et-la-pimbeche#21386','Le h├®ros et la pinb├¿che',7,'2022-08-27 15:52:00','1',2,'Archiv├®'),(526,'https://petitesindecences.forumactif.fr/t1270-un-coup-de-main-qui-se-revaudra-pv#15880','Un coup de main qui se revaudra',2,'2022-10-07 18:54:11','2',2,'Archiv├®'),(527,'https://petitesindecences.forumactif.fr/t1282-rencontre-au-sommet-pv','Rencontre au ... sommet !?',2,'2022-09-30 16:23:46','1',2,'Archiv├®'),(528,'https://petitesindecences.forumactif.fr/t1280-premiere-rencontre-pv-anton','Premi├¿re rencontre',2,'2022-09-22 06:40:56','1',2,'Archiv├®'),(529,'https://dc-comis-free.variousforum.com/t1860-hopital-daddy#21456','Hopital !',7,'2026-03-22 21:30:09','2',2,'En cours'),(530,'https://petitesindecencesentreamis.fr/viewtopic.php?p=1418#p1418','Soyez mon +1',2,'2023-02-13 18:44:39','1',2,'Archiv├®'),(531,'https://20serneuerung.forumactif.com/t596-les-obligations-pfff-karl#7290','Les obligations pfff',1,'2023-07-24 09:56:29','1',2,'Archiv├®'),(532,'https://dc-comis-free.variousforum.com/t1864-tirer-les-marrons-du-feu-pv#21511','Tirer les marrons du feu',7,'2023-04-23 20:07:09','2',2,'Archiv├®'),(533,'https://petitesindecences.forumactif.fr/t1287-need-a-hand-carel-muller-griselda-kayser#16074','Need a hand',2,'2022-10-16 18:16:03','1',2,'Archiv├®'),(534,'https://petitesindecencesentreamis.fr/viewtopic.php?t=248','Un oisillon sorti du nid',2,'2022-11-19 13:27:58','2',2,'Archiv├®'),(535,'https://petitesindecencesentreamis.fr/viewtopic.php?t=265','Rentrer plus t├┤t',2,'2022-11-19 13:27:56','2',2,'Archiv├®'),(536,'https://petitesindecencesentreamis.fr/viewtopic.php?t=287','Une cabane loin des tracas de la vie',2,'2024-02-09 08:03:51','2',2,'Archiv├®'),(537,'https://petitesindecencesentreamis.fr/viewtopic.php?t=290','Echauffement aux vestiaires',2,'2025-09-29 09:49:36','1',2,'Archiv├®'),(538,'https://petitesindecencesentreamis.fr/viewtopic.php?t=279','l\'hostilit├® ├®vidente',2,'2022-11-21 20:44:55','1',2,'Archiv├®'),(539,'https://petitesindecencesentreamis.fr/viewtopic.php?p=1013#p1013','Arriv├®e sur place',2,'2022-11-19 13:27:55','2',2,'Archiv├®'),(540,'https://petitesindecencesentreamis.fr/viewtopic.php?t=291','D├®fil├® et cupcake',2,'2023-03-17 06:14:47','1',2,'Archiv├®'),(541,'https://dc-comis-free.variousforum.com/t1865-folie-a-deux-ft-joker','folie ├á deux',7,'2023-05-03 06:26:35','2',2,'Archiv├®'),(542,'https://dc-comis-free.variousforum.com/t1868p20-main-dans-le-sac-main-au-panier-main-ailleurs-ptetre-dans-la-gueule-a-voir-pv#21581','Main dans le sac, main au panier, main ailleurs... ptetre dans la gueule',7,'2024-04-19 18:40:41','2',2,'Archiv├®'),(543,'https://desangetdart.forumactif.com/t465-couples-mixtes-gabriel-kuan-et-camille#5806','Couples mixtes',3,'2026-03-22 21:30:16','2',4,'En cours'),(544,'https://petitesindecencesentreamis.fr/viewtopic.php?t=296','SMS Raleigh & Griselda',2,'2023-01-06 20:46:11','1',2,'Archiv├®'),(545,'https://desangetdart.forumactif.com/t466-une-question-de-magie-pv#5830','Une question de magie',3,'2026-04-18 19:22:52','1',2,'En cours'),(546,'https://petitesindecencesentreamis.fr/viewtopic.php?p=1067#p1067','Confrontation ├®questre',2,'2023-04-07 20:03:21','2',2,'Archiv├®'),(547,'https://dc-comis-free.variousforum.com/t1869-de-retour-ultraman#21590','De retour',7,'2026-02-07 13:44:12','2',2,'En cours'),(548,'https://dc-comis-free.variousforum.com/t1846-roof-top-remake-ft-batmanflashback?ns=udw1K%2B2QlPU%3D#21592','Roof top',7,'2023-02-02 17:16:14','2',2,'Archiv├®'),(549,'https://petitesindecencesentreamis.fr/viewtopic.php?t=299',' est-ce qu\'on va arriver ├á r├®gler les d├®tails ou est-ce qu\'on va juste taper dans le gras direct ?',2,'2023-01-21 16:54:14','2',2,'Archiv├®'),(550,'https://petitesindecencesentreamis.fr/viewtopic.php?t=312','Conseils de shopping',2,'2023-08-28 19:23:22','1',2,'Archiv├®'),(551,'https://desangetdart.forumactif.com/t468-on-est-dans-la-merdeuh-pv#5844','On est dans la merdeuh',3,'2025-03-02 20:50:31','2',2,'Archiv├®'),(552,'https://petitesindecencesentreamis.fr/viewtopic.php?p=1214#p1214','Fin de soir├®e pour briser la g├¬nance',2,'2023-04-18 16:52:35','2',2,'Archiv├®'),(553,'https://petitesindecencesentreamis.fr/viewtopic.php?t=310','La victoire ou la porte',2,'2023-04-10 11:59:21','2',2,'Archiv├®'),(554,'https://petitesindecencesentreamis.fr/viewtopic.php?t=304','Retrouvailles et rencontres',2,'2023-02-05 22:44:21','2',2,'Archiv├®'),(555,'https://petitesindecencesentreamis.fr/viewtopic.php?t=305','Repas et remerciements',2,'2023-01-26 21:01:19','1',2,'Archiv├®'),(556,'https://dc-comis-free.variousforum.com/t1872-t-as-oublie-ca-dans-mon-sac-craig#21638','T\'as oubli├® ├ºa dans mon sac',7,'2025-01-12 20:58:05','1',2,'Archiv├®'),(557,'https://dc-comis-free.variousforum.com/t1874-neuf-mois-sans-se-voir-dick?ns=5MWDOOycvKM%3D#21685','Neuf mois sans se voir',7,'2026-02-08 15:16:14','2',2,'En cours'),(558,'https://20serneuerung.forumactif.com/t602-prise-de-fonctions-amalia#7436','Prise de fonctions',1,'2023-02-09 05:29:35','2',2,'Archiv├®'),(559,'https://petitesindecencesentreamis.fr/viewtopic.php?p=1380#p1380','Photographies et frissons',2,'2023-02-07 05:59:40','2',2,'Archiv├®'),(560,'https://desangetdart.forumactif.com/t469-un-probleme-dont-il-faut-discuter-shi#5861','Un probl├¿me dont il faut discuter',3,'2026-03-22 21:30:26','2',2,'En cours'),(561,'https://dc-comis-free.variousforum.com/t1875-helpjohn#21710','Help',7,'2026-04-15 20:12:55','2',2,'En cours'),(562,'https://petitesindecencesentreamis.fr/viewtopic.php?t=317','Soir├®e d\'intiation',2,'2024-10-29 07:14:36','2',2,'Archiv├®'),(563,'https://dc-comis-free.variousforum.com/t1879-en-route-pour-la-convention-de-keystone#21784','En route pour la convention de Keystone',7,'2026-04-15 20:13:01','2',2,'En cours'),(564,'https://dc-comis-free.variousforum.com/t1877-de-retour-d-italie-pv#21729','De retour d\'italie',7,'2023-07-06 20:39:19','1',2,'Archiv├®'),(565,'https://petitesindecencesentreamis.fr/viewtopic.php?p=1412#p1412','Victime de chantage',2,'2023-06-22 18:10:01','2',2,'Archiv├®'),(566,'https://petitesindecencesentreamis.fr/viewtopic.php?p=1425#p1425','Un repas ├®cras├® et du rire',2,'2023-06-22 18:13:43','2',2,'Archiv├®'),(567,'https://dc-comis-free.variousforum.com/t1878-cafe-brulant-mia#21738','Caf├® brulant',7,'2023-01-31 21:06:19','1',2,'Archiv├®'),(568,'https://petitesindecencesentreamis.fr/viewtopic.php?t=326','Matin avec Daddy',2,'2025-10-19 09:11:24','2',2,'Archiv├®'),(569,'https://petitesindecencesentreamis.fr/viewtopic.php?t=327','Nouvelle vie',2,'2026-02-25 21:00:05','2',2,'En cours'),(570,'https://petitesindecencesentreamis.fr/viewtopic.php?t=328','Une soir├®e en enfer',2,'2026-02-25 21:00:30','2',2,'En cours'),(571,'https://petitesindecencesentreamis.fr/viewtopic.php?t=329','Pire qu\'au coll├¿ge',2,'2024-03-20 20:40:18','1',2,'Archiv├®'),(572,'https://petitesindecencesentreamis.fr/viewtopic.php?p=1600#p1600','Visite d\'appartements',2,'2024-06-23 18:26:14','1',2,'Archiv├®'),(573,'https://petitesindecencesentreamis.fr/viewtopic.php?p=1421#p1421','Premi├¿re rencontre',2,'2023-03-02 12:17:41','1',2,'Archiv├®'),(574,'https://chroniqueambrosia.forumactif.org/t776-la-destinee-n-est-qu-un-chemin-trace-par-les-dieux-everard-daphnee#20562','La destin├®e est un chemin trac├®e par les Dieux',5,'2024-02-18 18:22:26','2',2,'Archiv├®'),(575,'https://petitesindecencesentreamis.fr/viewtopic.php?t=331','Enfin une corv├®e de finie',2,'2024-05-25 21:01:31','1',2,'Archiv├®'),(576,'https://lesmondesmornes.forumactif.com/t104-rencontre-scolaire-pavel#1096','Rencontre scolaire',4,'2025-12-27 20:39:36','2',2,'En cours'),(577,'https://petitesindecencesentreamis.fr/viewtopic.php?t=350','A la maison',2,'2023-08-28 21:04:03','1',2,'Archiv├®'),(578,'https://petitesindecencesentreamis.fr/viewtopic.php?t=334','Mais il fout quoi ici, lui ?',2,'2023-04-11 11:17:42','1',2,'Archiv├®'),(579,'https://20serneuerung.forumactif.com/t590-opulence-is-the-end-mikhail-anastasia?unwatch=topic','Opulence is',1,'2023-05-28 12:54:28','2',2,'Archiv├®'),(580,'https://petitesindecencesentreamis.fr/viewtopic.php?t=335','Trois jours en mer',2,'2023-04-17 05:58:40','2',2,'Archiv├®'),(581,'https://petitesindecencesentreamis.fr/viewtopic.php?t=354','Ah... c\'est ballot...',2,'2024-01-21 07:04:29','1',4,'Archiv├®'),(582,'https://petitesindecencesentreamis.fr/viewtopic.php?t=344','Une belle soir├®e',2,'2024-02-22 20:29:36','2',2,'Archiv├®'),(583,'https://petitesindecencesentreamis.fr/viewtopic.php?t=343',' Vernissage cauchemardesques',2,'2023-04-26 19:42:52','1',2,'Archiv├®'),(584,'https://desangetdart.forumactif.com/t473-quand-les-tenebres-vous-tendent-les-bras#6018','Quand les t├®n├¿bres vous tendent les bras',3,'2023-08-20 13:36:00','1',2,'Archiv├®'),(586,'https://petitesindecencesentreamis.fr/viewtopic.php?t=348','Dans la famille en argentine',2,'2026-02-25 21:00:08','2',2,'En cours'),(587,'https://chroniqueambrosia.forumactif.org/privmsg?folder=inbox&mode=read&p=21961','A TEMP├èTE AMICALE, EXCUSES SONT ORDONN├ëES',5,'2024-07-28 08:08:01','1',2,'En cours'),(588,'https://dc-comis-free.variousforum.com/t1883-oups-thomas#21918','Oups',7,'2026-03-22 21:30:03','2',2,'En cours'),(589,'https://dc-comis-free.variousforum.com/t1882-un-faux-superman-pv','Un faux superman',7,'2026-06-07 18:52:04','2',2,'En cours'),(590,'https://petitesindecencesentreamis.fr/viewtopic.php?t=349','Le cauchemar continueÔÇªTrap Intership',2,'2023-07-30 16:57:45','1',2,'Archiv├®'),(591,'https://desangetdart.forumactif.com/t476-visite-surprise-ft-violette-leclerc#6046','Visite surprise',3,'2023-05-15 17:28:28','1',2,'Archiv├®'),(592,'https://20serneuerung.forumactif.com/t607-une-nouvelle-arrivante-pv#7588','Une nouvelle arrivante',1,'2026-03-22 09:17:44','2',2,'En cours'),(593,'https://desangetdart.forumactif.com/t479-la-premiere-impression-est-la-bonne-adrian#6056','La premi├¿re impression est la bonne',3,'2024-08-17 19:31:48','2',2,'Archiv├®'),(594,'https://20serneuerung.forumactif.com/t608-la-date-de-tous-les-efforts-pv#7610','La date de tous les efforts',1,'2026-05-23 18:48:59','2',2,'En cours'),(595,'https://dc-comis-free.variousforum.com/t1884-reunion-de-famille-improvisee-dick#21948','R├®union de famille improvis├®e',7,'2026-03-22 21:29:52','2',2,'En cours'),(596,'https://chroniqueambrosia.forumactif.org/t781-fin-de-voyage-protocolaire-everard#20606','Fin de voyage protocolaire',5,'2026-04-15 20:36:04','2',2,'En cours'),(597,'A lancer','A lancer',7,'2023-05-19 13:35:03','1',2,'Archiv├®'),(598,'https://petitesindecencesentreamis.fr/viewtopic.php?p=2184#p2184','Rude journ├®e',2,'2023-06-11 05:33:18','1',2,'Archiv├®'),(599,'https://petitesindecencesentreamis.fr/viewtopic.php?t=360','Second step to hell',2,'2024-04-07 17:25:11','2',2,'Archiv├®'),(600,'https://petitesindecencesentreamis.fr/viewtopic.php?t=361','Erreur de produits',2,'2023-06-26 16:57:40','1',2,'Archiv├®'),(601,'https://petitesindecencesentreamis.fr/viewtopic.php?t=363','La maison aux mille morts',2,'2023-06-27 20:15:30','2',2,'Archiv├®'),(602,'https://petitesindecencesentreamis.fr/viewtopic.php?t=364','\"Jour m├®morable, pour sa premi├¿re sortie...\"',2,'2023-07-10 06:25:12','1',2,'Archiv├®'),(603,'https://dc-comis-free.variousforum.com/t1886-competences-particulieres-necessaires-lucciano#22000','Comp├®tences particuli├¿res',7,'2026-03-22 21:29:59','2',2,'En cours'),(604,'https://dc-comis-free.variousforum.com/t1889-si-proche-d-une-grande-decouverte-sohor#22034','Si proche d\'une grande d├®couverte',7,'2024-06-20 19:49:09','2',2,'Archiv├®'),(605,'https://desangetdart.forumactif.com/t480-le-gardien-de-la-crypte-et-sa-crypte-du-coup-pv#6141','Le gardien de la crypte... et sa crypte du coup',3,'2023-09-23 08:13:00','2',2,'Archiv├®'),(606,'https://petitesindecencesentreamis.fr/viewtopic.php?t=377','Compassion? Ah non merci',2,'2023-09-03 07:25:03','1',2,'Archiv├®'),(607,'http://petitesindecencesentreamis.fr/viewtopic.php?t=378','Pistoche',2,'2026-02-26 19:27:04','1',2,'Archiv├®'),(608,'http://petitesindecencesentreamis.fr/viewtopic.php?t=379','Un pas de nabot pour nous, un pas de nabot pour l\'humanit├®',2,'2024-05-25 09:27:49','2',2,'Archiv├®'),(609,'https://petitesindecencesentreamis.fr/viewtopic.php?t=369','Les exigences du devoir',2,'2025-01-07 19:13:31','2',2,'Archiv├®'),(610,'https://chroniqueambrosia.forumactif.org/t769p10-nous-pouvons-etre-bien-plus-encore-emily-daphnee#20658','A lancer : Nous pouvons ├¬tres...',5,'2024-07-27 18:38:13','2',2,'Archiv├®'),(611,'https://chroniqueambrosia.forumactif.org/t783-visite-nocturne-gael#20659','Visite nocturne',5,'2026-04-15 20:35:24','2',2,'En cours'),(612,'https://petitesindecencesentreamis.fr/viewtopic.php?t=386','Le nouveau travail est-il ├á la hauteur ?',2,'2024-02-15 12:59:25','2',2,'Archiv├®'),(613,'https://petitesindecencesentreamis.fr/viewtopic.php?t=389','Assister ├á une rupture',2,'2023-10-15 06:15:30','1',2,'Archiv├®'),(614,'https://petitesindecencesentreamis.fr/viewtopic.php?t=392','Sortie de taule !',2,'2025-07-06 05:10:12','2',2,'Archiv├®'),(615,'https://petitesindecencesentreamis.fr/viewtopic.php?t=399','Chevalier servant...',2,'2023-10-21 14:16:44','1',2,'Archiv├®'),(616,'https://petitesindecencesentreamis.fr/viewtopic.php?t=401','Pipeauteage',2,'2024-10-20 16:57:26','1',2,'Archiv├®'),(617,'https://petitesindecencesentreamis.fr/viewtopic.php?t=403','Un caf├® ├®pic├® et un violon',2,'2023-10-21 16:06:00','1',1,'En cours'),(618,'https://petitesindecencesentreamis.fr/viewtopic.php?t=416','Road Trip',2,'2026-02-25 21:00:20','2',2,'En cours'),(619,'https://petitesindecencesentreamis.fr/viewtopic.php?t=404','What an encounter',2,'2024-02-18 18:22:21','1',2,'Archiv├®'),(620,'https://petitesindecencesentreamis.fr/viewtopic.php?t=402','A leash for a night',2,'2023-10-30 19:47:17','2',2,'Archiv├®'),(621,'https://petitesindecencesentreamis.fr/viewtopic.php?t=406','B├®n├®volat',2,'2023-11-02 20:36:48','2',2,'Archiv├®'),(622,'https://petitesindecencesentreamis.fr/viewtopic.php?t=374','Une punition pas comme les autres',2,'2023-10-24 05:29:26','2',2,'Archiv├®'),(623,'https://petitesindecencesentreamis.fr/viewtopic.php?t=393','Intrusion au d├®fil├®',2,'2024-12-26 19:49:10','1',2,'Archiv├®'),(624,'https://petitesindecencesentreamis.fr/viewtopic.php?t=405','Laissons le hasard d├®cider de ta destin├®e',2,'2024-02-18 18:23:43','2',2,'Archiv├®'),(625,'https://petitesindecencesentreamis.fr/viewtopic.php?t=409','Suis-je en terrain conquis ?',2,'2024-04-16 06:20:25','1',2,'Archiv├®'),(626,'https://dc-comis-free.variousforum.com/t1894-du-temps-a-passe-john#22160','Du temps a pass├®',7,'2024-12-22 18:07:37','2',2,'Archiv├®'),(627,'https://petitesindecencesentreamis.fr/viewtopic.php?t=424','F├óch├®e',2,'2026-02-26 19:28:44','2',2,'En cours'),(628,'https://petitesindecencesentreamis.fr/viewtopic.php?p=3208&sid=78ee2396495d24a00a009fc7ce26407a','Une soir├®e diff├®rente',2,'2024-02-15 13:00:46','1',1,'En cours'),(629,'https://petitesindecencesentreamis.fr/viewtopic.php?p=3208&sid=78ee2396495d24a00a009fc7ce26407a','Une soir├®e diff├®rente',2,'2024-04-25 06:15:31','1',2,'Archiv├®'),(630,'https://petitesindecencesentreamis.fr/viewtopic.php?t=434','Promis ├ºa se passera mieux cette fois !',2,'2026-02-25 21:00:26','2',2,'En cours'),(631,'https://petitesindecencesentreamis.fr/viewtopic.php?t=436','Soir├®e de l\'├®lite new yorkaise',2,'2024-05-12 18:26:43','1',2,'Archiv├®'),(632,'https://petitesindecencesentreamis.fr/viewtopic.php?p=3225#p3225','P├¿re et fille',2,'2024-12-23 17:19:28','1',2,'Archiv├®'),(633,'https://petitesindecencesentreamis.fr/viewtopic.php?t=403&sid=','Un caf├® ├®pic├® et un peu de violon ',2,'2024-03-03 10:13:54','1',2,'Archiv├®'),(634,'https://petitesindecencesentreamis.fr/viewtopic.php?t=435','T├¬te de d├®terr├®e',2,'2026-02-19 21:33:29','2',2,'En cours'),(635,'https://petitesindecencesentreamis.fr/viewtopic.php?t=439','Faire le point',2,'2024-06-26 16:58:31','1',2,'Archiv├®'),(636,'https://petitesindecencesentreamis.fr/viewtopic.php?p=3384#p3384','Perdue',2,'2024-03-10 21:37:04','1',2,'Archiv├®'),(637,'https://petitesindecencesentreamis.fr/viewtopic.php?t=445','Si c\'est pas un pot de glue, ├ºa !',2,'2026-02-22 15:38:32','1',2,'En cours'),(638,'https://petitesindecencesentreamis.fr/viewtopic.php?p=3421#p3421','Un petit peu de couture',2,'2024-03-23 08:12:18','1',2,'Archiv├®'),(639,'https://petitesindecencesentreamis.fr/viewtopic.php?p=3431#p3431','Everglades',2,'2026-07-16 14:00:00','2',2,'En cours'),(640,'https://petitesindecencesentreamis.fr/viewtopic.php?t=444','Parlons-en',2,'2024-05-12 18:41:06','2',2,'Archiv├®'),(641,'https://petitesindecencesentreamis.fr/viewtopic.php?p=3512#p3512','Bienvenue chez toi',2,'2024-05-21 06:18:54','2',2,'Archiv├®'),(642,'https://petitesindecencesentreamis.fr/viewtopic.php?t=448','Prise de poste',2,'2024-05-14 11:40:28','1',2,'Archiv├®'),(643,'A lancer','A lancer',2,'2024-05-14 11:45:45','1',2,'Archiv├®'),(644,'https://petitesindecencesentreamis.fr/viewtopic.php?t=449','Et si on trouvait mieux ?',2,'2026-02-25 21:00:01','1',2,'En cours'),(645,'https://petitesindecencesentreamis.fr/viewtopic.php?t=451','Vamos a la playa ',2,'2026-07-16 13:59:57','2',2,'En cours'),(646,'https://petitesindecencesentreamis.fr/viewtopic.php?p=3718#p3718','Il faut qu\'on parle',2,'2024-06-22 19:58:17','2',2,'Archiv├®'),(647,'https://dc-comis-free.variousforum.com/t1912-des-resultats-contraires-contrariants-de-contradiction-pv#22338','Des r├®sultats contraires contrariants de contradiction',7,'2025-02-19 21:40:23','1',2,'Archiv├®'),(648,'https://petitesindecencesentreamis.fr/viewtopic.php?t=458','Qui veut un rencard aui restau quand on peut avoir ├ºa ?',2,'2025-11-11 13:08:09','1',2,'Archiv├®'),(649,'https://petitesindecencesentreamis.fr/viewtopic.php?p=4036#p4036','Premi├¿re le├ºon',2,'2024-07-24 06:44:53','2',2,'Archiv├®'),(650,'https://petitesindecencesentreamis.fr/viewtopic.php?p=4042#p4042','Petite chienne en promenade',2,'2025-03-31 18:16:38','1',2,'Archiv├®'),(651,'https://petitesindecencesentreamis.fr/viewtopic.php?p=4138#p4138','C\'est un cycle sans fin',2,'2024-08-03 10:36:30','1',2,'Archiv├®'),(652,'https://petitesindecencesentreamis.fr/viewtopic.php?t=477','Les ├®preuves de la vie',2,'2024-09-02 19:51:12','2',2,'Archiv├®'),(653,'https://desangetdart.forumactif.com/t484-tu-m-as-oublie-pv-elie#6250','Tu m\'as oubli├®',3,'2024-10-20 17:10:18','1',2,'Archiv├®'),(654,'https://petitesindecencesentreamis.fr/viewtopic.php?p=4585#p4585','Les mots de trop? ',2,'2026-01-03 20:08:00','2',2,'En cours'),(655,'https://petitesindecencesentreamis.fr/viewtopic.php?p=4584#p4584','Week end en amoureux',2,'2024-12-29 15:02:58','2',2,'Archiv├®'),(656,'https://desangetdart.forumactif.com/t483-et-qu-en-est-il-de-la-deuxieme-impression-pv#6244','Et qu\'en est-il de la deuxi├¿me impression ?',3,'2025-03-04 19:14:44','1',2,'Archiv├®'),(657,'https://petitesindecencesentreamis.fr/viewtopic.php?t=496&start=10','Ce connard de Braxton Hill',2,'2026-02-26 19:28:06','1',2,'En cours'),(658,'https://petitesindecencesentreamis.fr/viewtopic.php?t=498','Le mariage approche',2,'2026-04-23 19:27:34','2',2,'En cours'),(659,'https://dc-comis-free.variousforum.com/t1917-la-veille-de-la-rentree-pv#22395','La veille de la rentr├®e',7,'2024-09-04 19:32:35','1',2,'Archiv├®'),(660,'https://dc-comis-free.variousforum.com/t1918-si-une-bonne-femme-parle-moto-c-est-qu-il-est-temps-de-lui-peter-le-joint-de-culasse-pv#22408','Si une bonne femme parle moto, c\'est qu\'il est temps de lui p├®ter le joint de culasse',7,'2026-02-08 15:11:32','1',2,'En cours'),(661,'https://dc-comis-free.variousforum.com/t1925-intrusion-c#22599','Intrusion',7,'2025-12-29 19:55:27','1',2,'En cours'),(662,'https://petitesindecencesentreamis.fr/viewtopic.php?t=508','Place ├á l\'action',2,'2026-07-16 14:07:30','1',2,'En cours'),(663,'https://petitesindecencesentreamis.fr/viewtopic.php?t=509','L\'enfer ? Le paradis ? ├ºa d├®pend pour qui...',2,'2025-09-24 13:02:34','1',2,'En cours'),(664,'https://petitesindecencesentreamis.fr/viewtopic.php?t=521','B├®b├® tout caboss├®',2,'2026-04-15 20:36:10','2',2,'En cours'),(665,'https://petitesindecencesentreamis.fr/viewtopic.php?t=512','On force les retrouvailles pour briser la distance',2,'2024-11-13 12:43:32','1',2,'Archiv├®'),(666,'https://desangetdart.forumactif.com/t485-as-tu-pris-tes-marques-pv#6338','As-tu pris tes marques ?',3,'2026-04-23 19:31:12','1',2,'En cours'),(667,'https://petitesindecencesentreamis.fr/viewtopic.php?t=524','Un autre genre d\'intrusion malvenue',2,'2025-09-24 11:40:30','1',2,'En cours'),(668,'https://petitesindecencesentreamis.fr/viewtopic.php?p=5128#p5128','Premier entretien',2,'2024-12-26 21:15:24','1',2,'Archiv├®'),(669,'https://petitesindecencesentreamis.fr/viewtopic.php?t=548','Situation contrariante',2,'2026-07-16 13:56:45','1',2,'En cours'),(670,'https://petitesindecencesentreamis.fr/viewtopic.php?p=5201#p5201','Entretient d\'embauche',2,'2025-03-02 20:49:46','1',2,'Archiv├®'),(671,'https://petitesindecencesentreamis.fr/viewtopic.php?t=531','Se d├®tendre, qu\'il disait',2,'2025-06-13 04:37:13','2',2,'Archiv├®'),(672,'https://petitesindecencesentreamis.fr/viewtopic.php?t=552','Le premier acte',2,'2026-04-15 20:35:31','2',2,'En cours'),(673,'A lancer','A lancer',2,'2025-01-08 20:17:10','1',2,'Archiv├®'),(674,'https://petitesindecencesentreamis.fr/viewtopic.php?t=520&sid=','Sous les flash',2,'2026-02-26 19:31:34','1',2,'En cours'),(675,'https://20serneuerung.forumactif.com/t623-la-mort-plane-mikhail#8092','La mort plane',1,'2025-12-22 19:57:27','1',2,'En cours'),(676,'https://soulsofhaven.forumactif.com/t305-l-ivresse-du-combat-pv#3799','L\'ivresse du combat',10,'2026-04-15 20:36:14','2',2,'En cours'),(677,'https://petitesindecencesentreamis.fr/viewtopic.php?t=534','I didn\'t',2,'2025-01-18 18:19:47','2',2,'Archiv├®'),(678,'https://20serneuerung.forumactif.com/t632-sortie-sans-derapage-vraiment-pv#8202','Sortie sans d├®parage ? Vraiment ?',1,'2026-04-15 20:35:18','2',2,'En cours'),(679,'https://dc-comis-free.variousforum.com/t1929-souvenirs-d-egypte-pv#22685','Souvenirs d\'Egypte',7,'2026-03-22 21:30:01','1',2,'En cours'),(680,'https://dc-comis-free.variousforum.com/t1932-tard-dans-la-nuit-john','Tard dans la nuit',7,'2025-01-26 19:05:52','1',2,'Archiv├®'),(681,'https://dc-comis-free.variousforum.com/t1934-chacun-son-heure-pv#22731','Chacun son heure',7,'2026-04-15 20:13:00','1',2,'En cours'),(682,'https://petitesindecencesentreamis.fr/viewtopic.php?p=5364#p5364','livraison sp├®ciale',2,'2025-07-06 15:50:37','1',2,'Archiv├®'),(683,'https://20serneuerung.forumactif.com/t633-un-pique-nique-champetre-comme-c-est-pittoresque-pv#8203','Un pique nique champ├¬tre, comme c\'est pittoresque !',1,'2025-12-29 19:54:21','2',2,'En cours'),(684,'https://petitesindecencesentreamis.fr/viewtopic.php?t=549','Un dernier soir avant la fin du monde',2,'2025-06-12 06:26:48','1',2,'Archiv├®'),(685,'https://desangetdart.forumactif.com/t490-un-feu-glace-adrian#6390','Un feu glac├®',3,'2025-03-06 07:30:33','1',2,'Archiv├®'),(686,'https://desangetdart.forumactif.com/t491-tout-feu-toute-flamme-pv#6391','Tout feu toute flamme',3,'2025-03-08 06:21:18','2',2,'Archiv├®'),(687,'https://dc-comis-free.variousforum.com/t1939-les-secrets-d-une-seduction-invisible-sohor#22857','Les secrets d\'une s├®duction invisible',7,'2026-02-19 21:35:13','2',2,'En cours'),(688,'https://desangetdart.forumactif.com/t492-bapteme-du-feu-ou-bapteme-tout-court-pv','Bapt├¬me du feu ou bapt├¬me tout court',3,'2025-03-23 21:06:25','2',2,'Archiv├®'),(689,'https://petitesindecencesentreamis.fr/viewtopic.php?t=567','Une acquisition tant attendue',2,'2026-03-22 21:29:54','1',3,'En cours'),(690,'https://desangetdart.forumactif.com/t496-une-escapade-en-amoureux-dans-les-bois-qu-est-ce-qui-pourrait-mal-aller-peut-etre-un-aveu-a-faire-pv#6573','Une escapade en amoureux dans les bois, qu\'est-ce qui pourrait mal aller ? Peut-├¬tre un aveu ├á faire... ',3,'2026-02-19 21:36:43','2',2,'En cours'),(691,'https://desangetdart.forumactif.com/t495-souffler-sur-des-braises-presque-froides-pv','Souffler sur les braises',3,'2025-06-19 11:36:05','2',2,'Archiv├®'),(692,'https://desangetdart.forumactif.com/t497-espagne-la-source-du-feu#6574','La source du feu',3,'2025-09-28 20:02:21','1',2,'Archiv├®'),(693,'https://petitesindecencesentreamis.fr/viewtopic.php?t=572','Cousinade ├á deux',2,'2025-07-01 06:56:12','1',2,'En cours'),(694,'https://desangetdart.forumactif.com/t498-et-maintenant-gab#6619','Et maintenant ?',3,'2026-05-25 18:58:43','1',2,'En cours'),(695,'https://petitesindecencesentreamis.fr/viewtopic.php?p=6069#p6069','Je f├¬te beaucoup de choses, sauf mon anniversaire',2,'2026-02-08 15:06:03','2',2,'En cours'),(696,'https://petitesindecencesentreamis.fr/viewtopic.php?p=6071#p6071','Vacances bien m├®rit├®es',2,'2025-10-19 09:12:03','1',2,'Archiv├®'),(697,'https://desangetdart.forumactif.com/t500-qui-a-encore-fait-de-la-merde-adrian-morrigan-cage','Qui a encore fait de la merde ?',3,'2025-09-29 09:49:39','2',4,'Archiv├®'),(698,'https://petitesindecencesentreamis.fr/viewtopic.php?p=6164#p6164','Premier contact',2,'2025-12-31 09:51:19','2',2,'Archiv├®'),(699,'https://desangetdart.forumactif.com/t501-de-l-emplumee-a-la-couvertue-de-plume-pv#6732','De l\'emplum├®e ├á la couverture de plume',3,'2026-03-22 21:29:55','1',2,'Archiv├®'),(700,'https://desangetdart.forumactif.com/t502-changements-anthony#6731','Changements',3,'2025-12-29 19:52:12','1',2,'Archiv├®'),(701,'https://desangetdart.forumactif.com/t503-eau-glaciale-quentin','Eau glaciale',3,'2026-04-18 20:24:15','1',2,'En cours'),(702,'https://petitesindecencesentreamis.fr/viewtopic.php?t=608','Vrai rencard',2,'2026-05-23 18:48:52','2',2,'En cours'),(703,'https://petitesindecencesentreamis.fr/viewtopic.php?t=615','Eviter de se faire remarquer',2,'2026-04-26 17:36:20','2',2,'En cours'),(704,'https://petitesindecencesentreamis.fr/viewtopic.php?t=626','Destination surprise',2,'2026-07-16 13:57:46','1',2,'En cours'),(705,'https://petitesindecencesentreamis.fr/viewtopic.php?t=627','Voyage voyage',2,'2025-12-29 19:41:13','1',2,'Archiv├®'),(706,'https://petitesindecencesentreamis.fr/viewtopic.php?t=627','Voyage voyage',2,'2026-06-02 18:29:51','1',2,'En cours'),(707,'https://petitesindecencesentreamis.fr/viewtopic.php?p=6506#p6506','Une soir├®e au bar',2,'2026-01-25 07:49:00','1',2,'En cours'),(708,'https://petitesindecencesentreamis.fr/viewtopic.php?t=488&start=40','A la belle ├®toile',2,'2026-04-18 19:43:29','1',2,'Archiv├®'),(709,'https://petitesindecencesentreamis.fr/viewtopic.php?p=6511#p6511','Un dernier soir avant la fin du monde',2,'2026-02-19 21:32:53','2',2,'En cours'),(710,'https://desangetdart.forumactif.com/t504-les-risques-du-metiers-anthony#6829','Les risques du m├®tier',3,'2026-05-25 20:15:50','2',2,'En cours'),(711,'https://petitesindecencesentreamis.fr/viewtopic.php?t=633','Je hais les zombies',2,'2026-07-16 13:56:11','1',2,'En cours'),(712,'https://petitesindecencesentreamis.fr/viewtopic.php?t=625','T├®l├®travail',2,'2026-06-07 18:49:47','2',2,'En cours'),(713,'https://petitesindecencesentreamis.fr/viewtopic.php?t=619&sid=','Tu arrives enfin chez toi',2,'2026-03-27 11:19:18','1',2,'Archiv├®'),(714,'https://petitesindecencesentreamis.fr/viewtopic.php?t=621&sid=','La gourmandise est une qualit├® ?',2,'2026-07-14 11:27:14','2',2,'En cours'),(715,'https://dc-comis-free.variousforum.com/t1947-enfin-la-terre-pv#23092','Enfin la terre',7,'2026-04-15 20:08:35','1',2,'En cours'),(716,'https://petitesindecencesentreamis.fr/viewtopic.php?p=6673#p6673','Essayer de paraitre normal',2,'2026-05-25 20:16:51','2',2,'En cours'),(717,'https://petitesindecencesentreamis.fr/viewtopic.php?p=6673#p6673','Essayer de paraitre normal',2,'2026-04-18 20:12:00','1',2,'Archiv├®'),(718,'https://desangetdart.forumactif.com/t505-un-phenix-ca-s-embrase-et-alors-adrian#6847','Un ph├®nix, ├ºa s\'embrase et alors ?',3,'2026-04-19 06:49:13','1',2,'Archiv├®'),(719,'https://petitesindecencesentreamis.fr/viewtopic.php?t=640','Soir├®e ├á deux',2,'2026-04-19 13:46:27','1',2,'En cours'),(720,'https://desangetdart.forumactif.com/t506-d-egal-a-egal-pv#6854','D\'├®gal ├á ├®gal',3,'2026-06-02 18:29:41','1',2,'Archiv├®'),(721,'https://petitesindecencesentreamis.fr/viewtopic.php?t=641','Est-ce que je te fais le coup de la panne ?',2,'2026-07-16 13:59:00','1',2,'En cours');
/*!40000 ALTER TABLE `games` ENABLE KEYS */;
UNLOCK TABLES;

--
-- Table structure for table `link_partner-rp`
--

DROP TABLE IF EXISTS `link_partner-rp`;
/*!40101 SET @saved_cs_client     = @@character_set_client */;
/*!50503 SET character_set_client = utf8mb4 */;
CREATE TABLE `link_partner-rp` (
  `id` int(11) NOT NULL AUTO_INCREMENT,
  `rp` int(11) NOT NULL,
  `partner` int(11) NOT NULL,
  `turn` int(11) NOT NULL,
  PRIMARY KEY (`id`),
  KEY `rp` (`rp`),
  KEY `partner` (`partner`),
  CONSTRAINT `link_partner-rp_ibfk_1` FOREIGN KEY (`partner`) REFERENCES `characters` (`id`) ON DELETE CASCADE ON UPDATE CASCADE,
  CONSTRAINT `link_partner-rp_ibfk_2` FOREIGN KEY (`rp`) REFERENCES `games` (`id`) ON DELETE CASCADE ON UPDATE CASCADE
) ENGINE=InnoDB AUTO_INCREMENT=1402 DEFAULT CHARSET=utf8mb4;
/*!40101 SET character_set_client = @saved_cs_client */;

--
-- Dumping data for table `link_partner-rp`
--

LOCK TABLES `link_partner-rp` WRITE;
/*!40000 ALTER TABLE `link_partner-rp` DISABLE KEYS */;
INSERT INTO `link_partner-rp` VALUES (23,38,1,1),(24,38,3,2),(27,40,12,1),(28,40,11,2),(29,41,12,1),(30,41,10,2),(31,42,16,1),(32,42,15,2),(33,43,13,1),(34,43,14,2),(35,44,77,1),(36,44,78,2),(38,46,21,1),(39,46,3,2),(40,46,24,3),(41,47,127,1),(42,47,78,2),(43,48,128,1),(44,48,129,2),(45,49,2,1),(46,49,122,2),(47,50,130,1),(48,50,131,2),(49,51,132,1),(50,51,131,2),(56,55,136,1),(57,55,135,2),(58,56,136,1),(59,56,98,2),(60,57,2,1),(61,57,137,2),(65,60,134,1),(66,60,73,2),(67,61,89,1),(68,61,6,2),(72,64,30,1),(73,64,21,2),(74,65,96,1),(75,65,119,2),(76,66,52,1),(77,66,51,2),(78,67,140,1),(79,67,141,2),(80,68,142,1),(81,68,143,2),(82,69,144,1),(83,69,145,2),(84,70,146,1),(85,70,147,2),(86,71,148,1),(87,71,149,2),(88,72,57,1),(89,72,34,2),(90,73,54,1),(91,73,34,2),(92,74,48,1),(93,74,38,2),(94,75,150,1),(95,75,151,2),(96,76,150,1),(97,76,152,2),(98,77,150,1),(99,77,152,3),(100,78,153,1),(101,78,154,2),(102,79,153,1),(103,79,155,2),(104,80,93,1),(105,80,82,2),(106,81,93,1),(107,81,156,2),(109,82,106,3),(110,83,87,1),(111,83,101,2),(112,84,105,2),(113,84,120,3),(114,85,18,1),(115,85,17,2),(116,86,81,1),(117,86,124,2),(118,87,81,1),(119,87,71,2),(120,88,160,1),(121,88,159,2),(122,89,161,1),(123,89,162,2),(124,90,75,1),(125,90,163,2),(126,91,165,1),(127,91,164,2),(128,92,167,1),(129,92,166,2),(130,93,168,1),(131,93,169,2),(132,94,170,1),(133,94,171,2),(134,95,173,1),(135,95,172,2),(136,96,174,1),(137,96,175,2),(138,97,176,1),(139,97,177,2),(140,98,176,1),(141,98,178,2),(142,99,179,1),(143,99,180,2),(144,100,179,1),(145,100,178,2),(147,101,182,1),(149,102,181,1),(150,103,185,1),(151,103,182,2),(152,104,185,1),(153,104,184,2),(154,105,186,1),(155,105,182,2),(156,106,188,1),(157,106,189,2),(158,107,191,1),(159,107,190,2),(160,108,191,1),(161,108,180,2),(162,109,193,1),(163,109,192,2),(164,110,196,1),(168,112,161,1),(169,112,181,2),(172,114,200,1),(173,114,199,2),(174,115,201,1),(176,116,201,1),(177,116,202,2),(178,117,140,1),(179,117,208,2),(180,118,140,1),(181,118,207,2),(182,119,209,1),(183,119,130,2),(184,120,211,1),(185,120,132,2),(186,121,211,1),(187,121,130,2),(188,122,54,1),(189,122,41,2),(192,124,5,1),(193,124,25,2),(194,125,176,1),(195,125,162,2),(196,126,50,1),(197,126,35,2),(198,127,53,1),(199,127,35,2),(200,128,46,1),(201,128,35,2),(202,129,212,1),(203,129,213,2),(204,63,29,1),(205,63,20,2),(206,131,34,1),(207,131,47,2),(208,132,96,1),(209,132,156,2),(210,133,71,1),(211,133,96,2),(212,134,214,1),(213,134,215,2),(214,135,61,1),(215,135,100,2),(218,137,61,1),(219,137,72,2),(220,138,61,1),(221,138,66,2),(222,139,2,1),(223,139,98,2),(224,140,2,1),(225,140,117,2),(226,141,2,1),(227,141,114,2),(228,141,122,3),(229,142,2,1),(230,142,84,2),(231,143,110,1),(232,143,91,2),(233,144,69,1),(234,144,61,2),(235,145,110,1),(236,145,111,2),(237,146,110,1),(238,146,82,2),(239,147,62,1),(240,147,73,2),(241,148,62,1),(242,148,64,2),(243,149,62,1),(244,149,75,2),(245,150,74,1),(246,150,92,2),(247,151,74,1),(248,151,70,2),(249,152,94,1),(250,152,216,2),(251,153,94,1),(252,153,82,2),(253,154,94,1),(254,154,84,2),(255,155,94,1),(256,155,84,2),(257,156,60,1),(258,156,97,2),(259,157,58,1),(260,157,105,2),(261,158,58,1),(262,158,80,2),(263,159,63,1),(264,159,100,2),(265,160,99,1),(266,160,118,2),(267,161,120,1),(268,161,105,2),(269,162,126,1),(270,162,86,2),(271,163,79,1),(272,163,112,2),(273,164,108,1),(274,164,93,2),(275,165,1,1),(276,165,33,2),(277,166,211,1),(278,166,130,2),(279,167,1,1),(280,167,24,2),(281,168,19,1),(282,168,32,2),(283,169,127,1),(284,169,131,2),(285,170,77,1),(286,170,209,2),(287,171,54,1),(288,171,41,2),(289,172,34,1),(290,172,57,2),(291,173,34,1),(292,173,49,2),(293,174,34,1),(294,174,217,2),(295,175,155,1),(297,176,219,1),(298,176,214,2),(299,177,127,1),(300,177,138,2),(301,178,138,1),(302,178,139,2),(303,179,220,1),(304,179,209,2),(305,180,59,1),(306,180,125,2),(307,181,221,1),(308,181,222,2),(309,110,194,2),(310,182,121,1),(311,182,67,2),(312,183,121,1),(313,183,93,2),(314,184,121,1),(315,184,102,2),(316,175,154,2),(317,101,183,2),(318,102,183,2),(319,185,115,1),(320,185,75,2),(321,186,115,1),(322,186,105,2),(323,187,115,1),(324,187,134,2),(325,188,50,1),(326,188,47,2),(327,189,53,1),(328,189,47,2),(329,82,111,2),(330,82,106,3),(331,191,225,1),(332,191,230,2),(333,192,223,1),(334,192,226,2),(335,193,223,1),(336,193,227,2),(337,194,223,1),(338,194,229,2),(339,195,224,1),(340,195,227,2),(341,196,224,1),(342,196,228,2),(343,197,231,1),(344,197,229,2),(345,198,232,1),(346,198,233,2),(347,199,110,1),(348,199,234,2),(349,200,63,1),(350,200,235,2),(351,201,19,1),(352,201,22,2),(353,202,55,1),(354,202,50,2),(355,203,19,1),(356,203,140,2),(357,204,68,1),(358,204,76,2),(359,204,83,3),(360,205,2,1),(361,205,65,2),(362,206,191,1),(363,206,190,2),(364,207,237,1),(365,207,236,2),(366,208,3,1),(367,208,238,2),(368,209,136,1),(369,209,156,2),(370,210,36,1),(371,210,45,2),(372,211,36,1),(373,211,10,2),(376,213,201,1),(377,213,202,2),(378,214,1,1),(379,214,3,2),(380,214,208,3),(381,215,4,1),(382,215,5,2),(383,216,4,1),(384,216,25,2),(385,217,19,1),(386,217,28,2),(387,218,19,1),(388,218,28,2),(389,218,26,3),(390,219,53,1),(391,219,39,2),(392,220,121,1),(393,220,216,2),(394,221,240,1),(395,221,246,2),(396,222,240,1),(397,222,250,2),(398,223,240,1),(399,223,242,2),(400,224,164,1),(401,224,249,2),(402,225,252,1),(403,225,251,2),(404,226,181,1),(405,226,247,2),(406,227,181,1),(407,227,253,2),(408,228,171,1),(409,228,244,2),(410,229,152,1),(411,229,248,2),(412,230,152,1),(413,230,239,2),(414,231,152,1),(415,231,151,2),(416,232,178,1),(417,232,241,2),(420,234,172,1),(421,234,241,2),(422,235,194,1),(423,235,243,2),(424,236,175,1),(425,236,174,2),(426,237,181,1),(427,237,180,4),(428,237,161,5),(429,237,183,2),(430,238,180,1),(431,238,179,2),(432,239,61,1),(433,239,69,2),(434,240,68,1),(435,240,80,2),(436,241,68,1),(437,241,76,2),(438,242,59,1),(439,242,82,2),(440,243,71,1),(441,243,106,2),(442,244,139,1),(443,244,138,2),(444,245,176,1),(445,245,177,2),(448,246,180,1),(449,246,198,2),(450,247,222,1),(451,247,221,2),(452,248,20,1),(453,248,5,2),(454,249,2,1),(455,249,65,2),(456,249,122,3),(457,250,60,1),(458,250,112,2),(459,251,81,1),(460,251,120,2),(461,252,59,1),(462,252,254,2),(463,253,256,1),(464,253,257,2),(465,254,237,1),(466,254,255,2),(467,255,258,1),(468,255,259,2),(469,256,260,1),(470,256,261,2),(471,257,37,1),(472,257,49,2),(473,258,3,1),(474,258,1,2),(475,259,180,1),(476,259,198,2),(477,260,121,1),(478,260,262,2),(479,261,195,1),(480,261,194,2),(481,262,191,1),(482,262,190,2),(483,263,200,1),(484,263,199,2),(485,264,96,1),(486,264,119,2),(487,265,36,1),(488,265,45,2),(489,266,71,1),(490,266,263,2),(491,267,95,1),(492,267,264,2),(493,268,221,1),(494,268,222,2),(495,269,95,1),(496,269,265,2),(497,270,100,1),(498,270,91,2),(499,271,58,1),(500,271,263,2),(501,272,68,1),(502,272,91,2),(503,273,130,1),(504,273,215,2),(505,274,77,1),(506,274,78,2),(507,275,214,1),(508,275,215,2),(509,276,168,1),(510,276,169,2),(511,277,95,1),(512,277,266,2),(513,278,267,1),(514,278,268,2),(515,279,76,1),(516,279,269,2),(517,280,3,1),(518,280,33,2),(519,281,146,1),(520,281,147,2),(521,282,229,1),(522,282,231,2),(523,283,256,1),(524,283,236,2),(525,285,115,1),(526,285,75,2),(527,287,211,1),(528,287,270,2),(529,288,166,1),(530,288,271,2),(531,289,172,1),(532,289,272,2),(533,290,240,1),(534,290,273,2),(535,291,171,1),(536,291,274,2),(537,292,181,1),(538,292,274,2),(539,293,275,1),(540,293,62,2),(541,294,95,1),(542,294,72,2),(543,295,160,1),(544,295,159,2),(545,296,89,1),(546,296,119,2),(547,297,164,1),(548,297,249,2),(549,298,12,1),(550,298,10,2),(551,299,111,1),(552,299,110,2),(553,300,111,1),(554,300,268,2),(555,301,140,1),(556,301,276,2),(557,302,1,1),(558,302,26,2),(559,303,275,1),(560,303,59,2),(561,307,277,1),(562,307,279,2),(563,308,278,1),(564,308,277,2),(565,309,278,1),(566,309,27,2),(567,310,278,1),(568,310,26,2),(569,311,34,1),(570,311,217,2),(571,313,74,1),(572,313,280,2),(573,314,58,1),(574,314,80,2),(575,315,281,1),(576,315,70,2),(577,316,102,1),(578,316,281,2),(579,317,278,1),(580,317,20,2),(581,318,161,1),(582,318,181,2),(583,319,227,1),(584,319,223,2),(585,320,130,1),(586,320,211,2),(587,321,279,1),(588,321,282,2),(589,84,87,4),(590,84,101,1),(591,322,282,1),(592,322,30,2),(593,323,25,1),(594,323,282,2),(595,324,61,1),(596,324,284,2),(597,325,284,1),(598,325,283,2),(599,326,38,1),(600,326,48,2),(601,327,278,1),(602,327,25,2),(603,328,93,1),(604,328,108,2),(605,329,283,1),(606,329,284,2),(607,77,151,2),(608,237,253,3),(609,330,177,1),(610,330,176,2),(611,331,111,1),(612,331,269,2),(613,332,237,1),(614,332,255,2),(615,333,115,1),(616,333,285,2),(617,334,285,1),(618,334,134,2),(619,335,100,1),(620,335,286,2),(621,336,71,1),(622,336,81,2),(623,337,138,1),(624,337,215,2),(625,338,190,1),(626,338,191,2),(627,339,284,1),(628,339,124,2),(629,340,287,1),(630,340,63,2),(631,341,94,1),(632,341,72,2),(633,342,72,1),(634,342,110,2),(635,343,76,1),(636,343,68,2),(637,343,288,3),(638,344,191,1),(639,344,190,2),(640,345,277,1),(641,345,26,2),(642,346,75,1),(643,346,115,2),(644,347,194,1),(645,347,196,2),(646,348,76,1),(647,348,290,2),(648,349,80,1),(649,349,290,2),(650,350,291,1),(651,350,292,2),(652,351,291,1),(653,351,280,2),(654,352,214,1),(655,352,293,2),(656,353,95,1),(657,353,294,2),(658,354,54,1),(659,354,41,2),(660,355,180,1),(661,355,183,2),(662,356,130,1),(663,356,215,2),(664,357,51,1),(665,357,52,2),(666,358,112,1),(667,358,79,2),(668,358,97,3),(669,358,60,4),(670,359,49,1),(671,359,37,2),(672,360,295,1),(673,360,108,2),(674,361,292,1),(675,361,296,2),(676,362,291,1),(677,362,297,2),(678,363,299,1),(679,363,278,2),(680,364,32,1),(681,364,278,2),(682,365,111,1),(683,365,156,2),(684,366,115,1),(685,366,297,2),(686,367,62,1),(687,367,300,2),(688,368,282,1),(689,368,207,2),(690,369,282,1),(691,369,301,2),(692,370,68,1),(693,370,76,2),(694,371,222,1),(695,371,221,2),(696,372,166,1),(697,372,302,2),(698,373,303,1),(699,373,304,2),(700,374,96,1),(701,375,111,1),(702,375,300,2),(703,376,62,1),(704,376,306,2),(705,374,305,2),(706,377,36,1),(707,377,45,2),(708,378,35,1),(709,378,307,2),(710,379,303,1),(711,379,278,2),(712,380,304,1),(713,380,4,2),(714,381,135,1),(715,381,136,2),(716,382,62,1),(717,382,275,2),(718,383,1,1),(719,383,31,2),(720,384,48,1),(721,384,47,2),(722,385,39,1),(723,385,57,2),(724,386,74,1),(725,386,70,2),(726,387,37,1),(727,387,49,2),(728,388,310,1),(729,388,309,2),(730,389,309,1),(731,389,181,2),(732,390,1,1),(733,390,311,2),(734,391,3,1),(735,391,311,2),(736,392,140,1),(737,392,311,2),(738,393,307,1),(739,393,57,2),(740,394,29,1),(741,394,20,2),(742,395,312,1),(743,395,249,2),(744,396,313,1),(745,396,309,2),(746,397,247,1),(747,397,309,2),(748,398,311,1),(749,398,3,2),(750,399,305,1),(751,399,95,2),(752,400,95,1),(753,400,62,2),(754,400,306,3),(755,401,312,1),(756,401,309,2),(757,402,189,1),(758,402,188,2),(759,403,217,1),(760,403,52,2),(761,404,1,1),(762,404,3,2),(763,405,79,1),(764,405,112,2),(765,406,58,1),(766,406,315,2),(767,407,315,1),(768,407,62,2),(769,408,317,1),(770,408,316,2),(771,409,162,1),(772,409,161,2),(773,410,62,1),(774,410,75,2),(775,411,59,1),(776,411,319,2),(777,412,74,1),(778,412,318,2),(779,413,320,1),(780,413,179,2),(781,414,180,1),(782,414,191,2),(783,415,152,1),(784,415,248,2),(785,416,181,1),(786,416,183,2),(787,417,178,1),(788,417,150,2),(789,418,169,1),(790,418,168,2),(791,419,319,1),(792,419,134,2),(793,420,134,1),(794,420,115,2),(795,421,121,1),(796,421,102,2),(797,422,312,1),(798,422,165,2),(799,423,130,1),(800,423,209,2),(801,424,169,1),(802,424,168,2),(803,425,320,1),(804,425,181,2),(805,426,321,1),(806,426,140,2),(807,427,155,1),(808,427,153,2),(809,428,322,1),(810,428,57,2),(811,429,240,1),(812,429,323,2),(813,430,324,1),(814,430,57,2),(815,431,57,1),(816,431,34,2),(817,432,180,1),(818,432,325,2),(819,433,95,1),(820,433,326,2),(821,434,327,1),(822,434,80,2),(823,435,248,1),(824,435,201,2),(825,436,35,1),(826,436,46,2),(827,437,63,1),(828,437,100,2),(829,438,328,1),(830,438,105,2),(831,439,328,1),(832,439,112,2),(833,440,108,1),(834,440,93,2),(835,441,316,1),(836,441,317,2),(837,442,115,1),(838,442,75,2),(839,443,323,1),(840,443,309,2),(841,444,329,1),(842,444,48,2),(843,445,330,1),(844,445,291,2),(845,446,152,1),(846,446,150,2),(847,447,309,1),(848,447,173,2),(849,448,178,1),(850,448,179,2),(851,449,215,1),(852,449,211,2),(853,450,323,1),(854,450,174,2),(855,451,246,1),(856,451,240,2),(857,452,217,1),(858,452,15,2),(859,453,332,1),(860,453,333,2),(861,454,334,1),(862,454,140,2),(863,455,74,1),(864,455,280,2),(865,456,17,1),(866,456,18,2),(867,457,201,1),(868,457,202,2),(869,458,335,1),(870,458,333,2),(871,459,291,1),(872,459,297,2),(873,460,336,1),(874,460,70,2),(875,461,252,1),(876,461,251,2),(877,462,335,1),(878,462,111,2),(879,463,331,1),(880,463,309,2),(881,464,283,1),(882,464,284,2),(883,465,181,1),(884,465,313,2),(885,466,126,1),(886,466,86,2),(887,467,39,1),(888,467,53,2),(889,467,16,3),(890,467,54,4),(891,468,37,1),(892,468,49,2),(893,469,312,1),(894,469,249,2),(895,470,120,1),(896,470,105,2),(897,471,2,1),(898,471,137,2),(899,472,63,1),(900,472,100,2),(901,473,338,1),(902,473,337,2),(903,474,277,1),(904,474,278,2),(905,475,37,1),(906,475,49,2),(907,476,339,1),(908,476,340,2),(909,477,329,1),(910,477,53,2),(911,478,93,1),(912,478,108,2),(913,479,341,1),(914,479,140,2),(915,480,58,1),(916,480,342,2),(917,481,164,1),(918,481,247,2),(919,482,81,1),(920,482,71,2),(921,483,166,1),(922,483,167,2),(923,484,316,1),(924,484,317,2),(925,485,89,1),(926,485,6,2),(927,486,332,1),(928,486,95,2),(929,487,343,1),(930,487,134,2),(931,488,59,1),(932,488,125,2),(933,489,344,1),(934,489,74,2),(935,490,254,1),(936,490,59,2),(937,491,61,1),(938,491,69,2),(939,492,159,1),(940,492,160,2),(941,493,126,1),(942,493,345,2),(943,494,346,1),(944,494,68,2),(945,495,213,1),(946,495,347,2),(947,496,159,1),(948,496,160,2),(949,497,343,1),(950,497,111,2),(951,498,332,1),(952,498,333,2),(953,499,330,1),(954,499,291,2),(955,500,110,1),(956,500,82,2),(957,501,248,1),(958,501,152,2),(959,502,348,1),(960,502,19,2),(961,503,101,1),(962,503,87,2),(963,504,2,1),(964,504,136,3),(965,504,65,2),(966,505,110,1),(967,505,82,2),(968,506,199,1),(969,506,200,2),(970,507,115,1),(971,507,349,2),(972,508,136,1),(973,508,349,2),(974,509,316,1),(975,509,350,2),(976,510,268,1),(977,510,267,2),(978,512,351,1),(979,512,352,2),(980,513,68,1),(981,513,353,2),(982,514,283,1),(983,514,284,2),(984,515,82,1),(985,515,93,2),(986,516,93,1),(987,516,108,2),(988,517,354,1),(989,517,38,2),(990,518,131,1),(991,518,127,2),(992,519,355,1),(993,519,356,2),(994,520,355,1),(995,520,357,2),(996,521,358,1),(997,521,359,2),(998,522,360,1),(999,522,361,2),(1000,523,316,1),(1001,524,316,1),(1002,524,317,2),(1003,525,350,1),(1004,525,179,2),(1005,526,61,1),(1006,526,362,2),(1007,527,364,1),(1008,527,126,2),(1009,528,363,1),(1010,528,62,2),(1011,529,175,1),(1012,529,174,2),(1013,530,300,1),(1014,530,111,2),(1015,531,277,1),(1016,531,279,2),(1017,532,181,1),(1018,532,247,2),(1019,533,336,1),(1020,533,351,2),(1021,534,62,1),(1022,534,365,2),(1023,535,58,1),(1024,535,365,2),(1025,536,115,1),(1026,536,285,2),(1027,537,366,1),(1028,537,110,2),(1029,538,366,1),(1030,538,367,2),(1031,539,63,1),(1032,539,368,2),(1033,540,369,1),(1034,540,81,2),(1035,541,312,1),(1036,541,249,2),(1037,542,252,1),(1038,542,370,2),(1039,543,55,1),(1040,543,10,2),(1041,543,50,3),(1042,544,352,1),(1043,544,351,2),(1044,545,35,1),(1045,545,46,2),(1046,546,79,1),(1047,546,371,2),(1048,547,316,1),(1049,547,317,2),(1050,548,309,1),(1051,548,249,2),(1052,549,366,1),(1053,549,367,2),(1054,550,351,1),(1055,550,352,2),(1056,551,12,1),(1057,551,10,2),(1058,552,134,1),(1059,552,285,2),(1060,553,373,1),(1061,553,374,2),(1062,554,79,1),(1063,554,372,2),(1064,555,372,1),(1065,555,68,2),(1066,556,221,1),(1067,556,222,2),(1068,557,181,1),(1069,557,183,2),(1070,543,12,4),(1071,558,3,1),(1072,558,375,2),(1073,559,112,1),(1074,559,372,2),(1075,560,38,1),(1076,560,48,2),(1077,561,178,1),(1078,561,150,2),(1079,562,367,1),(1080,562,366,2),(1081,563,184,1),(1082,563,185,2),(1083,564,251,1),(1084,564,252,2),(1085,565,2,1),(1086,565,376,2),(1087,566,110,1),(1088,566,82,2),(1089,567,251,1),(1090,567,309,2),(1091,568,378,1),(1092,568,377,2),(1093,569,63,1),(1094,569,100,2),(1095,570,68,1),(1096,570,76,2),(1097,571,75,1),(1098,571,62,2),(1099,572,75,1),(1100,572,115,2),(1101,573,371,1),(1102,573,136,2),(1103,574,77,1),(1104,574,215,2),(1105,575,69,1),(1106,575,61,2),(1107,576,17,1),(1108,576,18,2),(1109,577,373,1),(1110,577,374,2),(1111,578,380,1),(1112,578,379,2),(1113,579,140,1),(1114,579,348,2),(1115,580,379,1),(1116,580,380,2),(1117,581,59,1),(1118,581,125,2),(1119,581,62,3),(1120,581,275,4),(1121,582,379,1),(1122,582,380,2),(1123,583,381,1),(1124,583,2,2),(1125,584,38,1),(1126,584,383,2),(1129,586,108,1),(1130,586,93,2),(1131,587,215,1),(1132,587,139,2),(1133,588,164,1),(1134,588,165,2),(1135,589,316,1),(1136,589,384,2),(1137,590,2,1),(1138,590,280,2),(1139,591,385,1),(1140,591,49,2),(1141,592,387,1),(1142,592,386,2),(1143,593,388,1),(1144,593,389,2),(1145,594,277,1),(1146,594,279,2),(1147,595,181,1),(1148,595,309,2),(1149,596,77,1),(1150,596,78,2),(1151,597,200,1),(1152,597,199,2),(1153,598,390,1),(1154,598,111,2),(1155,599,2,1),(1156,599,376,2),(1157,600,391,1),(1158,600,136,2),(1159,601,2,1),(1160,601,392,2),(1161,602,254,1),(1162,602,59,2),(1163,603,199,1),(1164,603,200,2),(1165,604,190,1),(1166,604,191,2),(1167,605,38,1),(1168,605,383,2),(1169,606,373,1),(1170,606,374,2),(1171,607,351,1),(1172,607,352,2),(1173,608,373,1),(1174,608,374,2),(1175,609,2,1),(1176,609,381,2),(1177,610,215,1),(1178,610,211,2),(1179,611,132,1),(1180,611,211,2),(1181,612,62,1),(1182,612,393,2),(1183,613,295,1),(1184,613,136,2),(1185,614,394,1),(1186,614,395,2),(1187,615,396,1),(1188,615,136,2),(1189,616,111,1),(1190,616,393,2),(1191,617,397,1),(1192,618,74,1),(1193,618,70,2),(1194,619,397,1),(1195,619,399,2),(1196,620,377,1),(1197,620,397,2),(1198,621,94,1),(1199,621,397,2),(1200,622,399,1),(1201,622,400,2),(1202,623,399,1),(1203,623,393,2),(1204,624,68,1),(1205,624,401,2),(1206,625,400,1),(1207,625,399,2),(1208,626,178,1),(1209,626,179,2),(1210,627,62,1),(1211,627,275,2),(1212,628,402,1),(1213,629,402,1),(1214,629,110,2),(1215,630,59,1),(1216,630,125,2),(1217,631,379,1),(1218,631,380,2),(1219,632,59,1),(1220,632,275,2),(1221,633,397,1),(1222,633,80,2),(1223,634,403,1),(1224,634,404,2),(1225,635,62,1),(1226,635,393,2),(1227,636,405,1),(1228,636,291,2),(1229,637,296,1),(1230,637,292,2),(1231,638,405,1),(1232,638,95,2),(1233,639,120,1),(1234,639,105,2),(1235,640,399,1),(1236,640,400,2),(1237,641,59,1),(1238,641,406,2),(1239,642,380,1),(1240,642,379,2),(1241,643,71,1),(1242,643,81,2),(1243,644,69,1),(1244,644,61,2),(1245,645,120,1),(1246,645,87,2),(1247,646,380,1),(1248,646,379,2),(1249,647,191,1),(1250,647,190,2),(1251,648,380,1),(1252,648,379,2),(1253,649,62,1),(1254,649,393,2),(1255,650,65,1),(1256,650,2,2),(1257,651,407,1),(1258,651,408,2),(1259,652,410,1),(1260,652,409,2),(1261,653,55,1),(1262,653,50,2),(1263,654,408,1),(1264,654,407,2),(1265,655,411,1),(1266,655,412,2),(1267,656,388,1),(1268,656,389,2),(1269,657,75,1),(1270,657,115,2),(1271,658,268,1),(1272,658,267,2),(1273,659,413,1),(1274,659,240,2),(1275,660,370,1),(1276,660,252,2),(1277,661,193,1),(1278,661,192,2),(1279,662,414,1),(1280,662,110,2),(1281,663,137,1),(1282,663,2,2),(1283,664,59,1),(1284,664,275,2),(1285,665,366,1),(1286,665,367,2),(1287,666,47,1),(1288,666,34,2),(1289,667,344,1),(1290,667,74,2),(1291,668,416,1),(1292,668,415,2),(1293,669,80,1),(1294,669,58,2),(1295,670,418,1),(1296,670,417,2),(1297,671,419,1),(1298,671,111,2),(1299,672,291,1),(1300,672,297,2),(1301,673,58,1),(1302,673,80,2),(1303,674,366,1),(1304,674,367,2),(1305,675,28,1),(1306,675,140,2),(1307,676,231,1),(1308,676,229,2),(1309,677,96,1),(1310,677,419,2),(1311,678,303,1),(1312,678,304,2),(1313,679,173,1),(1314,679,172,2),(1315,680,178,1),(1316,680,179,2),(1317,681,179,1),(1318,681,178,2),(1319,682,420,1),(1320,682,136,2),(1321,683,21,1),(1322,683,30,2),(1323,684,112,1),(1324,684,411,2),(1325,685,389,1),(1326,685,388,2),(1327,686,388,1),(1328,686,389,2),(1329,687,190,1),(1330,687,191,2),(1331,688,389,1),(1332,688,388,2),(1333,689,76,1),(1334,689,421,2),(1335,689,68,3),(1336,690,12,1),(1337,690,10,2),(1338,691,389,1),(1339,691,388,2),(1340,692,388,1),(1341,692,389,2),(1342,693,422,1),(1343,693,403,2),(1344,694,50,1),(1345,694,55,2),(1346,695,374,1),(1347,695,373,2),(1348,696,417,1),(1349,696,418,2),(1350,697,389,1),(1351,697,46,2),(1352,697,35,3),(1353,697,388,4),(1354,698,424,1),(1355,698,423,2),(1356,699,388,1),(1357,699,389,2),(1358,700,53,1),(1359,700,39,2),(1360,701,36,1),(1361,701,45,2),(1362,702,71,1),(1363,702,81,2),(1364,703,394,1),(1365,703,395,2),(1366,704,378,1),(1367,704,377,2),(1368,705,379,1),(1369,705,380,2),(1370,706,379,1),(1371,706,380,2),(1372,707,425,1),(1373,707,415,2),(1374,708,410,1),(1375,708,409,2),(1376,709,411,1),(1377,709,412,2),(1378,710,39,1),(1379,710,53,2),(1380,711,424,1),(1381,711,423,2),(1382,712,68,1),(1383,712,421,2),(1384,713,59,1),(1385,713,426,2),(1386,714,59,1),(1387,714,426,2),(1388,715,340,1),(1389,715,339,2),(1390,716,417,1),(1391,716,418,2),(1392,717,417,1),(1393,717,418,2),(1394,718,389,1),(1395,718,388,2),(1396,719,352,1),(1397,719,351,2),(1398,720,389,1),(1399,720,388,2),(1400,721,409,1),(1401,721,410,2);
/*!40000 ALTER TABLE `link_partner-rp` ENABLE KEYS */;
UNLOCK TABLES;

--
-- Table structure for table `partnerships`
--

DROP TABLE IF EXISTS `partnerships`;
/*!40101 SET @saved_cs_client     = @@character_set_client */;
/*!50503 SET character_set_client = utf8mb4 */;
CREATE TABLE `partnerships` (
  `id` int(11) NOT NULL AUTO_INCREMENT,
  `image` varchar(255) NOT NULL,
  `link` varchar(255) NOT NULL,
  `ownership` tinyint(1) NOT NULL,
  PRIMARY KEY (`id`)
) ENGINE=InnoDB AUTO_INCREMENT=8 DEFAULT CHARSET=utf8;
/*!40101 SET character_set_client = @saved_cs_client */;

--
-- Dumping data for table `partnerships`
--

LOCK TABLES `partnerships` WRITE;
/*!40000 ALTER TABLE `partnerships` DISABLE KEYS */;
INSERT INTO `partnerships` VALUES (1,'https://cdn.discordapp.com/attachments/421683107465396234/869886783389827072/50.jpg','http://20serneuerung.forumactif.com/',1),(2,'https://i.imgur.com/Z1IySCK.jpg','http://dc-comis-free.variousforum.com/',1),(3,'https://i.imgur.com/q6mCkCT.jpg','https://chroniqueambrosia.forumactif.org/',1),(4,'https://i.imgur.com/Z1IySCK.jpg','http://havenn.forumactif.com/',1),(5,'https://i.imgur.com/26EQ7zx.jpg','https://lesmondesmornes.forumactif.com/',1),(6,'https://i.imgur.com/d55mrVb.jpg','https://petitesindecences.forumactif.fr/',1),(7,'https://i.imgur.com/EYtx0FA.png','https://les-mythes-d-ysarill.forumsrpg.com/',1);
/*!40000 ALTER TABLE `partnerships` ENABLE KEYS */;
UNLOCK TABLES;

--
-- Table structure for table `priority`
--

DROP TABLE IF EXISTS `priority`;
/*!40101 SET @saved_cs_client     = @@character_set_client */;
/*!50503 SET character_set_client = utf8mb4 */;
CREATE TABLE `priority` (
  `id` int(11) NOT NULL AUTO_INCREMENT,
  `user` int(11) NOT NULL,
  `rp` int(11) NOT NULL,
  `order` int(11) NOT NULL,
  PRIMARY KEY (`id`),
  KEY `user` (`user`),
  KEY `rp` (`rp`),
  CONSTRAINT `priority_ibfk_1` FOREIGN KEY (`rp`) REFERENCES `games` (`id`),
  CONSTRAINT `priority_ibfk_2` FOREIGN KEY (`user`) REFERENCES `user` (`id`)
) ENGINE=InnoDB AUTO_INCREMENT=6421 DEFAULT CHARSET=utf8mb4;
/*!40101 SET character_set_client = @saved_cs_client */;

--
-- Dumping data for table `priority`
--

LOCK TABLES `priority` WRITE;
/*!40000 ALTER TABLE `priority` DISABLE KEYS */;
INSERT INTO `priority` VALUES (6315,7,683,1),(6316,7,661,2),(6317,7,654,3),(6319,7,547,5),(6320,7,695,6),(6321,7,694,7),(6322,7,660,8),(6323,7,557,9),(6324,7,709,10),(6325,7,634,11),(6327,7,687,13),(6328,7,690,14),(6329,7,644,15),(6330,7,135,16),(6331,7,569,17),(6332,7,586,18),(6333,7,630,19),(6334,7,570,20),(6335,7,618,21),(6337,7,466,23),(6338,7,607,24),(6339,7,657,25),(6340,7,627,26),(6342,7,674,28),(6344,7,592,30),(6345,7,689,31),(6346,7,595,32),(6347,7,699,33),(6348,7,483,34),(6349,7,679,35),(6350,7,603,36),(6351,7,588,37),(6352,7,424,38),(6353,7,347,39),(6354,7,529,40),(6355,7,355,41),(6356,7,259,42),(6357,7,402,43),(6358,7,543,44),(6359,7,156,45),(6361,7,357,47),(6362,7,560,48),(6363,7,354,49),(6364,7,42,50),(6365,7,703,51),(6366,7,330,52),(6367,7,129,53),(6368,7,715,54),(6369,7,409,55),(6370,7,457,56),(6371,7,561,57),(6372,7,105,58),(6373,7,94,59),(6374,7,681,60),(6375,7,446,61),(6376,7,563,62),(6377,7,176,63),(6378,7,380,64),(6379,7,317,65),(6380,7,678,66),(6381,7,48,67),(6382,7,611,68),(6383,7,321,69),(6384,7,179,70),(6385,7,394,71),(6386,7,672,72),(6387,7,518,73),(6388,7,215,74),(6389,7,420,75),(6390,7,192,76),(6391,7,496,77),(6392,7,244,78),(6393,7,366,79),(6394,7,404,80),(6395,7,319,81),(6396,7,596,82),(6397,7,664,83),(6398,7,379,84);
/*!40000 ALTER TABLE `priority` ENABLE KEYS */;
UNLOCK TABLES;

--
-- Table structure for table `user`
--

DROP TABLE IF EXISTS `user`;
/*!40101 SET @saved_cs_client     = @@character_set_client */;
/*!50503 SET character_set_client = utf8mb4 */;
CREATE TABLE `user` (
  `id` int(11) NOT NULL AUTO_INCREMENT,
  `name` varchar(255) NOT NULL,
  `email` varchar(255) NOT NULL,
  `password` varchar(255) NOT NULL,
  `signup_since` timestamp NOT NULL DEFAULT CURRENT_TIMESTAMP,
  `last_visit` timestamp NULL DEFAULT CURRENT_TIMESTAMP,
  PRIMARY KEY (`id`)
) ENGINE=InnoDB AUTO_INCREMENT=8 DEFAULT CHARSET=utf8mb4;
/*!40101 SET character_set_client = @saved_cs_client */;

--
-- Dumping data for table `user`
--

LOCK TABLES `user` WRITE;
/*!40000 ALTER TABLE `user` DISABLE KEYS */;
INSERT INTO `user` VALUES (3,'Valcret','cretinonamaury@gmail.com','$2y$10$tCFkYux4CfU3mmdlxVBLIe1tlG570OeDQSvwMmvtcM4YsRz2cfL7e','2021-04-01 18:52:30','2026-07-16 14:07:30'),(4,'Utilisateur non inscrit','invite@trieurarp.moi','$argon2i$v=19$m=65536,t=4,p=1$bERQMHJDbzdsWjUyOEM2cA$eVUgIsC+wNY3Y76mcWXo/HfPcG0uXMNpstT4jymACas','2021-04-03 09:30:47',NULL),(7,'Carmina','emarina.scarlett@gmail.com','$argon2i$v=19$m=65536,t=4,p=1$WTNxV1BiYmI1bjk5S3IyeA$vAfQYWhSodtT8E8V+TMUAF9tFY03c5l+EPpYazR9k14','2021-04-10 07:33:20','2026-04-20 19:46:36');
/*!40000 ALTER TABLE `user` ENABLE KEYS */;
UNLOCK TABLES;

--
-- Dumping routines for database 'amaurycre_trieur'
--
/*!40103 SET TIME_ZONE=@OLD_TIME_ZONE */;

/*!40101 SET SQL_MODE=@OLD_SQL_MODE */;
/*!40014 SET FOREIGN_KEY_CHECKS=@OLD_FOREIGN_KEY_CHECKS */;
/*!40014 SET UNIQUE_CHECKS=@OLD_UNIQUE_CHECKS */;
/*!40101 SET CHARACTER_SET_CLIENT=@OLD_CHARACTER_SET_CLIENT */;
/*!40101 SET CHARACTER_SET_RESULTS=@OLD_CHARACTER_SET_RESULTS */;
/*!40101 SET COLLATION_CONNECTION=@OLD_COLLATION_CONNECTION */;
/*!40111 SET SQL_NOTES=@OLD_SQL_NOTES */;

-- Dump completed on 2026-07-20 20:06:58
